name,url,type1,type2,dex_num
Bulbasaur,https://img.pokemondb.net/sprites/omega-ruby-alpha-sapphire/dex/normal/bulbasaur.png,Grass,Poison,001
Ivysaur,https://img.pokemondb.net/sprites/omega-ruby-alpha-sapphire/dex/normal/ivysaur.png,Grass,Poison,002
Venusaur,https://img.pokemondb.net/sprites/omega-ruby-alpha-sapphire/dex/normal/venusaur.png,Grass,Poison,003
Charmander,https://img.pokemondb.net/sprites/omega-ruby-alpha-sapphire/dex/normal/charmander.png,Fire,None,004
Charmeleon,https://img.pokemondb.net/sprites/omega-ruby-alpha-sapphire/dex/normal/charmeleon.png,Fire,None,005
Charizard,https://img.pokemondb.net/sprites/omega-ruby-alpha-sapphire/dex/normal/charizard.png,Fire,Flying,006
Squirtle,https://img.pokemondb.net/sprites/omega-ruby-alpha-sapphire/dex/normal/squirtle.png,Water,None,007
Wartortle,https://img.pokemondb.net/sprites/omega-ruby-alpha-sapphire/dex/normal/wartortle.png,Water,None,008
Blastoise,https://img.pokemondb.net/sprites/omega-ruby-alpha-sapphire/dex/normal/blastoise.png,Water,None,009
Caterpie,https://img.pokemondb.net/sprites/omega-ruby-alpha-sapphire/dex/normal/caterpie.png,Bug,None,010
Metapod,https://img.pokemondb.net/sprites/omega-ruby-alpha-sapphire/dex/normal/metapod.png,Bug,None,011
Butterfree,https://img.pokemondb.net/sprites/omega-ruby-alpha-sapphire/dex/normal/butterfree.png,Bug,Flying,012
Weedle,https://img.pokemondb.net/sprites/omega-ruby-alpha-sapphire/dex/normal/weedle.png,Bug,Poison,013
Kakuna,https://img.pokemondb.net/sprites/omega-ruby-alpha-sapphire/dex/normal/kakuna.png,Bug,Poison,014
Beedrill,https://img.pokemondb.net/sprites/omega-ruby-alpha-sapphire/dex/normal/beedrill.png,Bug,Poison,015
Pidgey,https://img.pokemondb.net/sprites/omega-ruby-alpha-sapphire/dex/normal/pidgey.png,Normal,Flying,016
Pidgeotto,https://img.pokemondb.net/sprites/omega-ruby-alpha-sapphire/dex/normal/pidgeotto.png,Normal,Flying,017
Pidgeot,https://img.pokemondb.net/sprites/omega-ruby-alpha-sapphire/dex/normal/pidgeot.png,Normal,Flying,018
Rattata,https://img.pokemondb.net/sprites/omega-ruby-alpha-sapphire/dex/normal/rattata.png,Normal,None,019
Raticate,https://img.pokemondb.net/sprites/omega-ruby-alpha-sapphire/dex/normal/raticate.png,Normal,None,020
Spearow,https://img.pokemondb.net/sprites/omega-ruby-alpha-sapphire/dex/normal/spearow.png,Normal,Flying,021
Fearow,https://img.pokemondb.net/sprites/omega-ruby-alpha-sapphire/dex/normal/fearow.png,Normal,Flying,022
Ekans,https://img.pokemondb.net/sprites/omega-ruby-alpha-sapphire/dex/normal/ekans.png,Poison,None,023
Arbok,https://img.pokemondb.net/sprites/omega-ruby-alpha-sapphire/dex/normal/arbok.png,Poison,None,024
Pikachu,https://img.pokemondb.net/sprites/omega-ruby-alpha-sapphire/dex/normal/pikachu.png,Electric,None,025
Raichu,https://img.pokemondb.net/sprites/omega-ruby-alpha-sapphire/dex/normal/raichu.png,Electric,None,026
Sandshrew,https://img.pokemondb.net/sprites/omega-ruby-alpha-sapphire/dex/normal/sandshrew.png,Ground,None,027
Sandslash,https://img.pokemondb.net/sprites/omega-ruby-alpha-sapphire/dex/normal/sandslash.png,Ground,None,028
Nidoran-female,https://img.pokemondb.net/sprites/omega-ruby-alpha-sapphire/dex/normal/nidoran-f.png,Poison,None,029
Nidorina,https://img.pokemondb.net/sprites/omega-ruby-alpha-sapphire/dex/normal/nidorina.png,Poison,None,030
Nidoqueen,https://img.pokemondb.net/sprites/omega-ruby-alpha-sapphire/dex/normal/nidoqueen.png,Poison,Ground,031
Nidoran-male,https://img.pokemondb.net/sprites/omega-ruby-alpha-sapphire/dex/normal/nidoran-m.png,Poison,None,032
Nidorino,https://img.pokemondb.net/sprites/omega-ruby-alpha-sapphire/dex/normal/nidorino.png,Poison,None,033
Nidoking,https://img.pokemondb.net/sprites/omega-ruby-alpha-sapphire/dex/normal/nidoking.png,Poison,Ground,034
Clefairy,https://img.pokemondb.net/sprites/omega-ruby-alpha-sapphire/dex/normal/clefairy.png,Fairy,None,035
Clefable,https://img.pokemondb.net/sprites/omega-ruby-alpha-sapphire/dex/normal/clefable.png,Fairy,None,036
Vulpix,https://img.pokemondb.net/sprites/omega-ruby-alpha-sapphire/dex/normal/vulpix.png,Fire,None,037
Ninetales,https://img.pokemondb.net/sprites/omega-ruby-alpha-sapphire/dex/normal/ninetales.png,Fire,None,038
Jigglypuff,https://img.pokemondb.net/sprites/omega-ruby-alpha-sapphire/dex/normal/jigglypuff.png,Normal,Fairy,039
Wigglytuff,https://img.pokemondb.net/sprites/omega-ruby-alpha-sapphire/dex/normal/wigglytuff.png,Normal,Fairy,040
Zubat,https://img.pokemondb.net/sprites/omega-ruby-alpha-sapphire/dex/normal/zubat.png,Poison,Flying,041
Golbat,https://img.pokemondb.net/sprites/omega-ruby-alpha-sapphire/dex/normal/golbat.png,Poison,Flying,042
Oddish,https://img.pokemondb.net/sprites/omega-ruby-alpha-sapphire/dex/normal/oddish.png,Grass,Poison,043
Gloom,https://img.pokemondb.net/sprites/omega-ruby-alpha-sapphire/dex/normal/gloom.png,Grass,Poison,044
Vileplume,https://img.pokemondb.net/sprites/omega-ruby-alpha-sapphire/dex/normal/vileplume.png,Grass,Poison,045
Paras,https://img.pokemondb.net/sprites/omega-ruby-alpha-sapphire/dex/normal/paras.png,Bug,Grass,046
Parasect,https://img.pokemondb.net/sprites/omega-ruby-alpha-sapphire/dex/normal/parasect.png,Bug,Grass,047
Venonat,https://img.pokemondb.net/sprites/omega-ruby-alpha-sapphire/dex/normal/venonat.png,Bug,Poison,048
Venomoth,https://img.pokemondb.net/sprites/omega-ruby-alpha-sapphire/dex/normal/venomoth.png,Bug,Poison,049
Diglett,https://img.pokemondb.net/sprites/omega-ruby-alpha-sapphire/dex/normal/diglett.png,Ground,None,050
Dugtrio,https://img.pokemondb.net/sprites/omega-ruby-alpha-sapphire/dex/normal/dugtrio.png,Ground,None,051
Meowth,https://img.pokemondb.net/sprites/omega-ruby-alpha-sapphire/dex/normal/meowth.png,Normal,None,052
Persian,https://img.pokemondb.net/sprites/omega-ruby-alpha-sapphire/dex/normal/persian.png,Normal,None,053
Psyduck,https://img.pokemondb.net/sprites/omega-ruby-alpha-sapphire/dex/normal/psyduck.png,Water,None,054
Golduck,https://img.pokemondb.net/sprites/omega-ruby-alpha-sapphire/dex/normal/golduck.png,Water,None,055
Mankey,https://img.pokemondb.net/sprites/omega-ruby-alpha-sapphire/dex/normal/mankey.png,Fighting,None,056
Primeape,https://img.pokemondb.net/sprites/omega-ruby-alpha-sapphire/dex/normal/primeape.png,Fighting,None,057
Growlithe,https://img.pokemondb.net/sprites/omega-ruby-alpha-sapphire/dex/normal/growlithe.png,Fire,None,058
Arcanine,https://img.pokemondb.net/sprites/omega-ruby-alpha-sapphire/dex/normal/arcanine.png,Fire,None,059
Poliwag,https://img.pokemondb.net/sprites/omega-ruby-alpha-sapphire/dex/normal/poliwag.png,Water,None,060
Poliwhirl,https://img.pokemondb.net/sprites/omega-ruby-alpha-sapphire/dex/normal/poliwhirl.png,Water,None,061
Poliwrath,https://img.pokemondb.net/sprites/omega-ruby-alpha-sapphire/dex/normal/poliwrath.png,Water,Fighting,062
Abra,https://img.pokemondb.net/sprites/omega-ruby-alpha-sapphire/dex/normal/abra.png,Psychic,None,063
Kadabra,https://img.pokemondb.net/sprites/omega-ruby-alpha-sapphire/dex/normal/kadabra.png,Psychic,None,064
Alakazam,https://img.pokemondb.net/sprites/omega-ruby-alpha-sapphire/dex/normal/alakazam.png,Psychic,None,065
Machop,https://img.pokemondb.net/sprites/omega-ruby-alpha-sapphire/dex/normal/machop.png,Fighting,None,066
Machoke,https://img.pokemondb.net/sprites/omega-ruby-alpha-sapphire/dex/normal/machoke.png,Fighting,None,067
Machamp,https://img.pokemondb.net/sprites/omega-ruby-alpha-sapphire/dex/normal/machamp.png,Fighting,None,068
Bellsprout,https://img.pokemondb.net/sprites/omega-ruby-alpha-sapphire/dex/normal/bellsprout.png,Grass,Poison,069
Weepinbell,https://img.pokemondb.net/sprites/omega-ruby-alpha-sapphire/dex/normal/weepinbell.png,Grass,Poison,070
Victreebel,https://img.pokemondb.net/sprites/omega-ruby-alpha-sapphire/dex/normal/victreebel.png,Grass,Poison,071
Tentacool,https://img.pokemondb.net/sprites/omega-ruby-alpha-sapphire/dex/normal/tentacool.png,Water,Poison,072
Tentacruel,https://img.pokemondb.net/sprites/omega-ruby-alpha-sapphire/dex/normal/tentacruel.png,Water,Poison,073
Geodude,https://img.pokemondb.net/sprites/omega-ruby-alpha-sapphire/dex/normal/geodude.png,Rock,Ground,074
Graveler,https://img.pokemondb.net/sprites/omega-ruby-alpha-sapphire/dex/normal/graveler.png,Rock,Ground,075
Golem,https://img.pokemondb.net/sprites/omega-ruby-alpha-sapphire/dex/normal/golem.png,Rock,Ground,076
Ponyta,https://img.pokemondb.net/sprites/omega-ruby-alpha-sapphire/dex/normal/ponyta.png,Fire,None,077
Rapidash,https://img.pokemondb.net/sprites/omega-ruby-alpha-sapphire/dex/normal/rapidash.png,Fire,None,078
Slowpoke,https://img.pokemondb.net/sprites/omega-ruby-alpha-sapphire/dex/normal/slowpoke.png,Water,Psychic,079
Slowbro,https://img.pokemondb.net/sprites/omega-ruby-alpha-sapphire/dex/normal/slowbro.png,Water,Psychic,080
Magnemite,https://img.pokemondb.net/sprites/omega-ruby-alpha-sapphire/dex/normal/magnemite.png,Electric,Steel,081
Magneton,https://img.pokemondb.net/sprites/omega-ruby-alpha-sapphire/dex/normal/magneton.png,Electric,Steel,082
Farfetchd,https://img.pokemondb.net/sprites/omega-ruby-alpha-sapphire/dex/normal/farfetchd.png,Normal,Flying,083
Doduo,https://img.pokemondb.net/sprites/omega-ruby-alpha-sapphire/dex/normal/doduo.png,Normal,Flying,084
Dodrio,https://img.pokemondb.net/sprites/omega-ruby-alpha-sapphire/dex/normal/dodrio.png,Normal,Flying,085
Seel,https://img.pokemondb.net/sprites/omega-ruby-alpha-sapphire/dex/normal/seel.png,Water,None,086
Dewgong,https://img.pokemondb.net/sprites/omega-ruby-alpha-sapphire/dex/normal/dewgong.png,Water,Ice,087
Grimer,https://img.pokemondb.net/sprites/omega-ruby-alpha-sapphire/dex/normal/grimer.png,Poison,None,088
Muk,https://img.pokemondb.net/sprites/omega-ruby-alpha-sapphire/dex/normal/muk.png,Poison,None,089
Shellder,https://img.pokemondb.net/sprites/omega-ruby-alpha-sapphire/dex/normal/shellder.png,Water,None,090
Cloyster,https://img.pokemondb.net/sprites/omega-ruby-alpha-sapphire/dex/normal/cloyster.png,Water,Ice,091
Gastly,https://img.pokemondb.net/sprites/omega-ruby-alpha-sapphire/dex/normal/gastly.png,Ghost,Poison,092
Haunter,https://img.pokemondb.net/sprites/omega-ruby-alpha-sapphire/dex/normal/haunter.png,Ghost,Poison,093
Gengar,https://img.pokemondb.net/sprites/omega-ruby-alpha-sapphire/dex/normal/gengar.png,Ghost,Poison,094
Onix,https://img.pokemondb.net/sprites/omega-ruby-alpha-sapphire/dex/normal/onix.png,Rock,Ground,095
Drowzee,https://img.pokemondb.net/sprites/omega-ruby-alpha-sapphire/dex/normal/drowzee.png,Psychic,None,096
Hypno,https://img.pokemondb.net/sprites/omega-ruby-alpha-sapphire/dex/normal/hypno.png,Psychic,None,097
Krabby,https://img.pokemondb.net/sprites/omega-ruby-alpha-sapphire/dex/normal/krabby.png,Water,None,098
Kingler,https://img.pokemondb.net/sprites/omega-ruby-alpha-sapphire/dex/normal/kingler.png,Water,None,099
Voltorb,https://img.pokemondb.net/sprites/omega-ruby-alpha-sapphire/dex/normal/voltorb.png,Electric,None,100
Electrode,https://img.pokemondb.net/sprites/omega-ruby-alpha-sapphire/dex/normal/electrode.png,Electric,None,101
Exeggcute,https://img.pokemondb.net/sprites/omega-ruby-alpha-sapphire/dex/normal/exeggcute.png,Grass,Psychic,102
Exeggutor,https://img.pokemondb.net/sprites/omega-ruby-alpha-sapphire/dex/normal/exeggutor.png,Grass,Psychic,103
Cubone,https://img.pokemondb.net/sprites/omega-ruby-alpha-sapphire/dex/normal/cubone.png,Ground,None,104
Marowak,https://img.pokemondb.net/sprites/omega-ruby-alpha-sapphire/dex/normal/marowak.png,Ground,None,105
Hitmonlee,https://img.pokemondb.net/sprites/omega-ruby-alpha-sapphire/dex/normal/hitmonlee.png,Fighting,None,106
Hitmonchan,https://img.pokemondb.net/sprites/omega-ruby-alpha-sapphire/dex/normal/hitmonchan.png,Fighting,None,107
Lickitung,https://img.pokemondb.net/sprites/omega-ruby-alpha-sapphire/dex/normal/lickitung.png,Normal,None,108
Koffing,https://img.pokemondb.net/sprites/omega-ruby-alpha-sapphire/dex/normal/koffing.png,Poison,None,109
Weezing,https://img.pokemondb.net/sprites/omega-ruby-alpha-sapphire/dex/normal/weezing.png,Poison,None,110
Rhyhorn,https://img.pokemondb.net/sprites/omega-ruby-alpha-sapphire/dex/normal/rhyhorn.png,Ground,Rock,111
Rhydon,https://img.pokemondb.net/sprites/omega-ruby-alpha-sapphire/dex/normal/rhydon.png,Ground,Rock,112
Chansey,https://img.pokemondb.net/sprites/omega-ruby-alpha-sapphire/dex/normal/chansey.png,Normal,None,113
Tangela,https://img.pokemondb.net/sprites/omega-ruby-alpha-sapphire/dex/normal/tangela.png,Grass,None,114
Kangaskhan,https://img.pokemondb.net/sprites/omega-ruby-alpha-sapphire/dex/normal/kangaskhan.png,Normal,None,115
Horsea,https://img.pokemondb.net/sprites/omega-ruby-alpha-sapphire/dex/normal/horsea.png,Water,None,116
Seadra,https://img.pokemondb.net/sprites/omega-ruby-alpha-sapphire/dex/normal/seadra.png,Water,None,117
Goldeen,https://img.pokemondb.net/sprites/omega-ruby-alpha-sapphire/dex/normal/goldeen.png,Water,None,118
Seaking,https://img.pokemondb.net/sprites/omega-ruby-alpha-sapphire/dex/normal/seaking.png,Water,None,119
Staryu,https://img.pokemondb.net/sprites/omega-ruby-alpha-sapphire/dex/normal/staryu.png,Water,None,120
Starmie,https://img.pokemondb.net/sprites/omega-ruby-alpha-sapphire/dex/normal/starmie.png,Water,Psychic,121
Mr-Mime,https://img.pokemondb.net/sprites/omega-ruby-alpha-sapphire/dex/normal/mr-mime.png,Psychic,Fairy,122
Scyther,https://img.pokemondb.net/sprites/omega-ruby-alpha-sapphire/dex/normal/scyther.png,Bug,Flying,123
Jynx,https://img.pokemondb.net/sprites/omega-ruby-alpha-sapphire/dex/normal/jynx.png,Ice,Psychic,124
Electabuzz,https://img.pokemondb.net/sprites/omega-ruby-alpha-sapphire/dex/normal/electabuzz.png,Electric,None,125
Magmar,https://img.pokemondb.net/sprites/omega-ruby-alpha-sapphire/dex/normal/magmar.png,Fire,None,126
Pinsir,https://img.pokemondb.net/sprites/omega-ruby-alpha-sapphire/dex/normal/pinsir.png,Bug,None,127
Tauros,https://img.pokemondb.net/sprites/omega-ruby-alpha-sapphire/dex/normal/tauros.png,Normal,None,128
Magikarp,https://img.pokemondb.net/sprites/omega-ruby-alpha-sapphire/dex/normal/magikarp.png,Water,None,129
Gyarados,https://img.pokemondb.net/sprites/omega-ruby-alpha-sapphire/dex/normal/gyarados.png,Water,Flying,130
Lapras,https://img.pokemondb.net/sprites/omega-ruby-alpha-sapphire/dex/normal/lapras.png,Water,Ice,131
Ditto,https://img.pokemondb.net/sprites/omega-ruby-alpha-sapphire/dex/normal/ditto.png,Normal,None,132
Eevee,https://img.pokemondb.net/sprites/omega-ruby-alpha-sapphire/dex/normal/eevee.png,Normal,None,133
Vaporeon,https://img.pokemondb.net/sprites/omega-ruby-alpha-sapphire/dex/normal/vaporeon.png,Water,None,134
Jolteon,https://img.pokemondb.net/sprites/omega-ruby-alpha-sapphire/dex/normal/jolteon.png,Electric,None,135
Flareon,https://img.pokemondb.net/sprites/omega-ruby-alpha-sapphire/dex/normal/flareon.png,Fire,None,136
Porygon,https://img.pokemondb.net/sprites/omega-ruby-alpha-sapphire/dex/normal/porygon.png,Normal,None,137
Omanyte,https://img.pokemondb.net/sprites/omega-ruby-alpha-sapphire/dex/normal/omanyte.png,Rock,Water,138
Omastar,https://img.pokemondb.net/sprites/omega-ruby-alpha-sapphire/dex/normal/omastar.png,Rock,Water,139
Kabuto,https://img.pokemondb.net/sprites/omega-ruby-alpha-sapphire/dex/normal/kabuto.png,Rock,Water,140
Kabutops,https://img.pokemondb.net/sprites/omega-ruby-alpha-sapphire/dex/normal/kabutops.png,Rock,Water,141
Aerodactyl,https://img.pokemondb.net/sprites/omega-ruby-alpha-sapphire/dex/normal/aerodactyl.png,Rock,Flying,142
Snorlax,https://img.pokemondb.net/sprites/omega-ruby-alpha-sapphire/dex/normal/snorlax.png,Normal,None,143
Articuno,https://img.pokemondb.net/sprites/omega-ruby-alpha-sapphire/dex/normal/articuno.png,Ice,Flying,144
Zapdos,https://img.pokemondb.net/sprites/omega-ruby-alpha-sapphire/dex/normal/zapdos.png,Electric,Flying,145
Moltres,https://img.pokemondb.net/sprites/omega-ruby-alpha-sapphire/dex/normal/moltres.png,Fire,Flying,146
Dratini,https://img.pokemondb.net/sprites/omega-ruby-alpha-sapphire/dex/normal/dratini.png,Dragon,None,147
Dragonair,https://img.pokemondb.net/sprites/omega-ruby-alpha-sapphire/dex/normal/dragonair.png,Dragon,None,148
Dragonite,https://img.pokemondb.net/sprites/omega-ruby-alpha-sapphire/dex/normal/dragonite.png,Dragon,Flying,149
Mewtwo,https://img.pokemondb.net/sprites/omega-ruby-alpha-sapphire/dex/normal/mewtwo.png,Psychic,None,150
Mew,https://img.pokemondb.net/sprites/omega-ruby-alpha-sapphire/dex/normal/mew.png,Psychic,None,151
Chikorita,https://img.pokemondb.net/sprites/omega-ruby-alpha-sapphire/dex/normal/chikorita.png,Grass,None,152
Bayleef,https://img.pokemondb.net/sprites/omega-ruby-alpha-sapphire/dex/normal/bayleef.png,Grass,None,153
Meganium,https://img.pokemondb.net/sprites/omega-ruby-alpha-sapphire/dex/normal/meganium.png,Grass,None,154
Cyndaquil,https://img.pokemondb.net/sprites/omega-ruby-alpha-sapphire/dex/normal/cyndaquil.png,Fire,None,155
Quilava,https://img.pokemondb.net/sprites/omega-ruby-alpha-sapphire/dex/normal/quilava.png,Fire,None,156
Typhlosion,https://img.pokemondb.net/sprites/omega-ruby-alpha-sapphire/dex/normal/typhlosion.png,Fire,None,157
Totodile,https://img.pokemondb.net/sprites/omega-ruby-alpha-sapphire/dex/normal/totodile.png,Water,None,158
Croconaw,https://img.pokemondb.net/sprites/omega-ruby-alpha-sapphire/dex/normal/croconaw.png,Water,None,159
Feraligatr,https://img.pokemondb.net/sprites/omega-ruby-alpha-sapphire/dex/normal/feraligatr.png,Water,None,160
Sentret,https://img.pokemondb.net/sprites/omega-ruby-alpha-sapphire/dex/normal/sentret.png,Normal,None,161
Furret,https://img.pokemondb.net/sprites/omega-ruby-alpha-sapphire/dex/normal/furret.png,Normal,None,162
Hoothoot,https://img.pokemondb.net/sprites/omega-ruby-alpha-sapphire/dex/normal/hoothoot.png,Normal,Flying,163
Noctowl,https://img.pokemondb.net/sprites/omega-ruby-alpha-sapphire/dex/normal/noctowl.png,Normal,Flying,164
Ledyba,https://img.pokemondb.net/sprites/omega-ruby-alpha-sapphire/dex/normal/ledyba.png,Bug,Flying,165
Ledian,https://img.pokemondb.net/sprites/omega-ruby-alpha-sapphire/dex/normal/ledian.png,Bug,Flying,166
Spinarak,https://img.pokemondb.net/sprites/omega-ruby-alpha-sapphire/dex/normal/spinarak.png,Bug,Poison,167
Ariados,https://img.pokemondb.net/sprites/omega-ruby-alpha-sapphire/dex/normal/ariados.png,Bug,Poison,168
Crobat,https://img.pokemondb.net/sprites/omega-ruby-alpha-sapphire/dex/normal/crobat.png,Poison,Flying,169
Chinchou,https://img.pokemondb.net/sprites/omega-ruby-alpha-sapphire/dex/normal/chinchou.png,Water,Electric,170
Lanturn,https://img.pokemondb.net/sprites/omega-ruby-alpha-sapphire/dex/normal/lanturn.png,Water,Electric,171
Pichu,https://img.pokemondb.net/sprites/omega-ruby-alpha-sapphire/dex/normal/pichu.png,Electric,None,172
Cleffa,https://img.pokemondb.net/sprites/omega-ruby-alpha-sapphire/dex/normal/cleffa.png,Fairy,None,173
Igglybuff,https://img.pokemondb.net/sprites/omega-ruby-alpha-sapphire/dex/normal/igglybuff.png,Normal,Fairy,174
Togepi,https://img.pokemondb.net/sprites/omega-ruby-alpha-sapphire/dex/normal/togepi.png,Fairy,None,175
Togetic,https://img.pokemondb.net/sprites/omega-ruby-alpha-sapphire/dex/normal/togetic.png,Fairy,Flying,176
Natu,https://img.pokemondb.net/sprites/omega-ruby-alpha-sapphire/dex/normal/natu.png,Psychic,Flying,177
Xatu,https://img.pokemondb.net/sprites/omega-ruby-alpha-sapphire/dex/normal/xatu.png,Psychic,Flying,178
Mareep,https://img.pokemondb.net/sprites/omega-ruby-alpha-sapphire/dex/normal/mareep.png,Electric,None,179
Flaaffy,https://img.pokemondb.net/sprites/omega-ruby-alpha-sapphire/dex/normal/flaaffy.png,Electric,None,180
Ampharos,https://img.pokemondb.net/sprites/omega-ruby-alpha-sapphire/dex/normal/ampharos.png,Electric,None,181
Bellossom,https://img.pokemondb.net/sprites/omega-ruby-alpha-sapphire/dex/normal/bellossom.png,Grass,None,182
Marill,https://img.pokemondb.net/sprites/omega-ruby-alpha-sapphire/dex/normal/marill.png,Water,Fairy,183
Azumarill,https://img.pokemondb.net/sprites/omega-ruby-alpha-sapphire/dex/normal/azumarill.png,Water,Fairy,184
Sudowoodo,https://img.pokemondb.net/sprites/omega-ruby-alpha-sapphire/dex/normal/sudowoodo.png,Rock,None,185
Politoed,https://img.pokemondb.net/sprites/omega-ruby-alpha-sapphire/dex/normal/politoed.png,Water,None,186
Hoppip,https://img.pokemondb.net/sprites/omega-ruby-alpha-sapphire/dex/normal/hoppip.png,Grass,Flying,187
Skiploom,https://img.pokemondb.net/sprites/omega-ruby-alpha-sapphire/dex/normal/skiploom.png,Grass,Flying,188
Jumpluff,https://img.pokemondb.net/sprites/omega-ruby-alpha-sapphire/dex/normal/jumpluff.png,Grass,Flying,189
Aipom,https://img.pokemondb.net/sprites/omega-ruby-alpha-sapphire/dex/normal/aipom.png,Normal,None,190
Sunkern,https://img.pokemondb.net/sprites/omega-ruby-alpha-sapphire/dex/normal/sunkern.png,Grass,None,191
Sunflora,https://img.pokemondb.net/sprites/omega-ruby-alpha-sapphire/dex/normal/sunflora.png,Grass,None,192
Yanma,https://img.pokemondb.net/sprites/omega-ruby-alpha-sapphire/dex/normal/yanma.png,Bug,Flying,193
Wooper,https://img.pokemondb.net/sprites/omega-ruby-alpha-sapphire/dex/normal/wooper.png,Water,Ground,194
Quagsire,https://img.pokemondb.net/sprites/omega-ruby-alpha-sapphire/dex/normal/quagsire.png,Water,Ground,195
Espeon,https://img.pokemondb.net/sprites/omega-ruby-alpha-sapphire/dex/normal/espeon.png,Psychic,None,196
Umbreon,https://img.pokemondb.net/sprites/omega-ruby-alpha-sapphire/dex/normal/umbreon.png,Dark,None,197
Murkrow,https://img.pokemondb.net/sprites/omega-ruby-alpha-sapphire/dex/normal/murkrow.png,Dark,Flying,198
Slowking,https://img.pokemondb.net/sprites/omega-ruby-alpha-sapphire/dex/normal/slowking.png,Water,Psychic,199
Misdreavus,https://img.pokemondb.net/sprites/omega-ruby-alpha-sapphire/dex/normal/misdreavus.png,Ghost,None,200
Unown,https://img.pokemondb.net/sprites/omega-ruby-alpha-sapphire/dex/normal/unown.png,Psychic,None,201
Wobbuffet,https://img.pokemondb.net/sprites/omega-ruby-alpha-sapphire/dex/normal/wobbuffet.png,Psychic,None,202
Girafarig,https://img.pokemondb.net/sprites/omega-ruby-alpha-sapphire/dex/normal/girafarig.png,Normal,Psychic,203
Pineco,https://img.pokemondb.net/sprites/omega-ruby-alpha-sapphire/dex/normal/pineco.png,Bug,None,204
Forretress,https://img.pokemondb.net/sprites/omega-ruby-alpha-sapphire/dex/normal/forretress.png,Bug,Steel,205
Dunsparce,https://img.pokemondb.net/sprites/omega-ruby-alpha-sapphire/dex/normal/dunsparce.png,Normal,None,206
Gligar,https://img.pokemondb.net/sprites/omega-ruby-alpha-sapphire/dex/normal/gligar.png,Ground,Flying,207
Steelix,https://img.pokemondb.net/sprites/omega-ruby-alpha-sapphire/dex/normal/steelix.png,Steel,Ground,208
Snubbull,https://img.pokemondb.net/sprites/omega-ruby-alpha-sapphire/dex/normal/snubbull.png,Fairy,None,209
Granbull,https://img.pokemondb.net/sprites/omega-ruby-alpha-sapphire/dex/normal/granbull.png,Fairy,None,210
Qwilfish,https://img.pokemondb.net/sprites/omega-ruby-alpha-sapphire/dex/normal/qwilfish.png,Water,Poison,211
Scizor,https://img.pokemondb.net/sprites/omega-ruby-alpha-sapphire/dex/normal/scizor.png,Bug,Steel,212
Shuckle,https://img.pokemondb.net/sprites/omega-ruby-alpha-sapphire/dex/normal/shuckle.png,Bug,Rock,213
Heracross,https://img.pokemondb.net/sprites/omega-ruby-alpha-sapphire/dex/normal/heracross.png,Bug,Fighting,214
Sneasel,https://img.pokemondb.net/sprites/omega-ruby-alpha-sapphire/dex/normal/sneasel.png,Dark,Ice,215
Teddiursa,https://img.pokemondb.net/sprites/omega-ruby-alpha-sapphire/dex/normal/teddiursa.png,Normal,None,216
Ursaring,https://img.pokemondb.net/sprites/omega-ruby-alpha-sapphire/dex/normal/ursaring.png,Normal,None,217
Slugma,https://img.pokemondb.net/sprites/omega-ruby-alpha-sapphire/dex/normal/slugma.png,Fire,None,218
Magcargo,https://img.pokemondb.net/sprites/omega-ruby-alpha-sapphire/dex/normal/magcargo.png,Fire,Rock,219
Swinub,https://img.pokemondb.net/sprites/omega-ruby-alpha-sapphire/dex/normal/swinub.png,Ice,Ground,220
Piloswine,https://img.pokemondb.net/sprites/omega-ruby-alpha-sapphire/dex/normal/piloswine.png,Ice,Ground,221
Corsola,https://img.pokemondb.net/sprites/omega-ruby-alpha-sapphire/dex/normal/corsola.png,Water,Rock,222
Remoraid,https://img.pokemondb.net/sprites/omega-ruby-alpha-sapphire/dex/normal/remoraid.png,Water,None,223
Octillery,https://img.pokemondb.net/sprites/omega-ruby-alpha-sapphire/dex/normal/octillery.png,Water,None,224
Delibird,https://img.pokemondb.net/sprites/omega-ruby-alpha-sapphire/dex/normal/delibird.png,Ice,Flying,225
Mantine,https://img.pokemondb.net/sprites/omega-ruby-alpha-sapphire/dex/normal/mantine.png,Water,Flying,226
Skarmory,https://img.pokemondb.net/sprites/omega-ruby-alpha-sapphire/dex/normal/skarmory.png,Steel,Flying,227
Houndour,https://img.pokemondb.net/sprites/omega-ruby-alpha-sapphire/dex/normal/houndour.png,Dark,Fire,228
Houndoom,https://img.pokemondb.net/sprites/omega-ruby-alpha-sapphire/dex/normal/houndoom.png,Dark,Fire,229
Kingdra,https://img.pokemondb.net/sprites/omega-ruby-alpha-sapphire/dex/normal/kingdra.png,Water,Dragon,230
Phanpy,https://img.pokemondb.net/sprites/omega-ruby-alpha-sapphire/dex/normal/phanpy.png,Ground,None,231
Donphan,https://img.pokemondb.net/sprites/omega-ruby-alpha-sapphire/dex/normal/donphan.png,Ground,None,232
Porygon2,https://img.pokemondb.net/sprites/omega-ruby-alpha-sapphire/dex/normal/porygon2.png,Normal,None,233
Stantler,https://img.pokemondb.net/sprites/omega-ruby-alpha-sapphire/dex/normal/stantler.png,Normal,None,234
Smeargle,https://img.pokemondb.net/sprites/omega-ruby-alpha-sapphire/dex/normal/smeargle.png,Normal,None,235
Tyrogue,https://img.pokemondb.net/sprites/omega-ruby-alpha-sapphire/dex/normal/tyrogue.png,Fighting,None,236
Hitmontop,https://img.pokemondb.net/sprites/omega-ruby-alpha-sapphire/dex/normal/hitmontop.png,Fighting,None,237
Smoochum,https://img.pokemondb.net/sprites/omega-ruby-alpha-sapphire/dex/normal/smoochum.png,Ice,Psychic,238
Elekid,https://img.pokemondb.net/sprites/omega-ruby-alpha-sapphire/dex/normal/elekid.png,Electric,None,239
Magby,https://img.pokemondb.net/sprites/omega-ruby-alpha-sapphire/dex/normal/magby.png,Fire,None,240
Miltank,https://img.pokemondb.net/sprites/omega-ruby-alpha-sapphire/dex/normal/miltank.png,Normal,None,241
Blissey,https://img.pokemondb.net/sprites/omega-ruby-alpha-sapphire/dex/normal/blissey.png,Normal,None,242
Raikou,https://img.pokemondb.net/sprites/omega-ruby-alpha-sapphire/dex/normal/raikou.png,Electric,None,243
Entei,https://img.pokemondb.net/sprites/omega-ruby-alpha-sapphire/dex/normal/entei.png,Fire,None,244
Suicune,https://img.pokemondb.net/sprites/omega-ruby-alpha-sapphire/dex/normal/suicune.png,Water,None,245
Larvitar,https://img.pokemondb.net/sprites/omega-ruby-alpha-sapphire/dex/normal/larvitar.png,Rock,Ground,246
Pupitar,https://img.pokemondb.net/sprites/omega-ruby-alpha-sapphire/dex/normal/pupitar.png,Rock,Ground,247
Tyranitar,https://img.pokemondb.net/sprites/omega-ruby-alpha-sapphire/dex/normal/tyranitar.png,Rock,Dark,248
Lugia,https://img.pokemondb.net/sprites/omega-ruby-alpha-sapphire/dex/normal/lugia.png,Psychic,Flying,249
Ho-oh,https://img.pokemondb.net/sprites/omega-ruby-alpha-sapphire/dex/normal/ho-oh.png,Fire,Flying,250
Celebi,https://img.pokemondb.net/sprites/omega-ruby-alpha-sapphire/dex/normal/celebi.png,Psychic,Grass,251
Treecko,https://img.pokemondb.net/sprites/omega-ruby-alpha-sapphire/dex/normal/treecko.png,Grass,None,252
Grovyle,https://img.pokemondb.net/sprites/omega-ruby-alpha-sapphire/dex/normal/grovyle.png,Grass,None,253
Sceptile,https://img.pokemondb.net/sprites/omega-ruby-alpha-sapphire/dex/normal/sceptile.png,Grass,None,254
Torchic,https://img.pokemondb.net/sprites/omega-ruby-alpha-sapphire/dex/normal/torchic.png,Fire,None,255
Combusken,https://img.pokemondb.net/sprites/omega-ruby-alpha-sapphire/dex/normal/combusken.png,Fire,Fighting,256
Blaziken,https://img.pokemondb.net/sprites/omega-ruby-alpha-sapphire/dex/normal/blaziken.png,Fire,Fighting,257
Mudkip,https://img.pokemondb.net/sprites/omega-ruby-alpha-sapphire/dex/normal/mudkip.png,Water,None,258
Marshtomp,https://img.pokemondb.net/sprites/omega-ruby-alpha-sapphire/dex/normal/marshtomp.png,Water,Ground,259
Swampert,https://img.pokemondb.net/sprites/omega-ruby-alpha-sapphire/dex/normal/swampert.png,Water,Ground,260
Poochyena,https://img.pokemondb.net/sprites/omega-ruby-alpha-sapphire/dex/normal/poochyena.png,Dark,None,261
Mightyena,https://img.pokemondb.net/sprites/omega-ruby-alpha-sapphire/dex/normal/mightyena.png,Dark,None,262
Zigzagoon,https://img.pokemondb.net/sprites/omega-ruby-alpha-sapphire/dex/normal/zigzagoon.png,Normal,None,263
Linoone,https://img.pokemondb.net/sprites/omega-ruby-alpha-sapphire/dex/normal/linoone.png,Normal,None,264
Wurmple,https://img.pokemondb.net/sprites/omega-ruby-alpha-sapphire/dex/normal/wurmple.png,Bug,None,265
Silcoon,https://img.pokemondb.net/sprites/omega-ruby-alpha-sapphire/dex/normal/silcoon.png,Bug,None,266
Beautifly,https://img.pokemondb.net/sprites/omega-ruby-alpha-sapphire/dex/normal/beautifly.png,Bug,Flying,267
Cascoon,https://img.pokemondb.net/sprites/omega-ruby-alpha-sapphire/dex/normal/cascoon.png,Bug,None,268
Dustox,https://img.pokemondb.net/sprites/omega-ruby-alpha-sapphire/dex/normal/dustox.png,Bug,Poison,269
Lotad,https://img.pokemondb.net/sprites/omega-ruby-alpha-sapphire/dex/normal/lotad.png,Water,Grass,270
Lombre,https://img.pokemondb.net/sprites/omega-ruby-alpha-sapphire/dex/normal/lombre.png,Water,Grass,271
Ludicolo,https://img.pokemondb.net/sprites/omega-ruby-alpha-sapphire/dex/normal/ludicolo.png,Water,Grass,272
Seedot,https://img.pokemondb.net/sprites/omega-ruby-alpha-sapphire/dex/normal/seedot.png,Grass,None,273
Nuzleaf,https://img.pokemondb.net/sprites/omega-ruby-alpha-sapphire/dex/normal/nuzleaf.png,Grass,Dark,274
Shiftry,https://img.pokemondb.net/sprites/omega-ruby-alpha-sapphire/dex/normal/shiftry.png,Grass,Dark,275
Taillow,https://img.pokemondb.net/sprites/omega-ruby-alpha-sapphire/dex/normal/taillow.png,Normal,Flying,276
Swellow,https://img.pokemondb.net/sprites/omega-ruby-alpha-sapphire/dex/normal/swellow.png,Normal,Flying,277
Wingull,https://img.pokemondb.net/sprites/omega-ruby-alpha-sapphire/dex/normal/wingull.png,Water,Flying,278
Pelipper,https://img.pokemondb.net/sprites/omega-ruby-alpha-sapphire/dex/normal/pelipper.png,Water,Flying,279
Ralts,https://img.pokemondb.net/sprites/omega-ruby-alpha-sapphire/dex/normal/ralts.png,Psychic,Fairy,280
Kirlia,https://img.pokemondb.net/sprites/omega-ruby-alpha-sapphire/dex/normal/kirlia.png,Psychic,Fairy,281
Gardevoir,https://img.pokemondb.net/sprites/omega-ruby-alpha-sapphire/dex/normal/gardevoir.png,Psychic,Fairy,282
Surskit,https://img.pokemondb.net/sprites/omega-ruby-alpha-sapphire/dex/normal/surskit.png,Bug,Water,283
Masquerain,https://img.pokemondb.net/sprites/omega-ruby-alpha-sapphire/dex/normal/masquerain.png,Bug,Flying,284
Shroomish,https://img.pokemondb.net/sprites/omega-ruby-alpha-sapphire/dex/normal/shroomish.png,Grass,None,285
Breloom,https://img.pokemondb.net/sprites/omega-ruby-alpha-sapphire/dex/normal/breloom.png,Grass,Fighting,286
Slakoth,https://img.pokemondb.net/sprites/omega-ruby-alpha-sapphire/dex/normal/slakoth.png,Normal,None,287
Vigoroth,https://img.pokemondb.net/sprites/omega-ruby-alpha-sapphire/dex/normal/vigoroth.png,Normal,None,288
Slaking,https://img.pokemondb.net/sprites/omega-ruby-alpha-sapphire/dex/normal/slaking.png,Normal,None,289
Nincada,https://img.pokemondb.net/sprites/omega-ruby-alpha-sapphire/dex/normal/nincada.png,Bug,Ground,290
Ninjask,https://img.pokemondb.net/sprites/omega-ruby-alpha-sapphire/dex/normal/ninjask.png,Bug,Flying,291
Shedinja,https://img.pokemondb.net/sprites/omega-ruby-alpha-sapphire/dex/normal/shedinja.png,Bug,Ghost,292
Whismur,https://img.pokemondb.net/sprites/omega-ruby-alpha-sapphire/dex/normal/whismur.png,Normal,None,293
Loudred,https://img.pokemondb.net/sprites/omega-ruby-alpha-sapphire/dex/normal/loudred.png,Normal,None,294
Exploud,https://img.pokemondb.net/sprites/omega-ruby-alpha-sapphire/dex/normal/exploud.png,Normal,None,295
Makuhita,https://img.pokemondb.net/sprites/omega-ruby-alpha-sapphire/dex/normal/makuhita.png,Fighting,None,296
Hariyama,https://img.pokemondb.net/sprites/omega-ruby-alpha-sapphire/dex/normal/hariyama.png,Fighting,None,297
Azurill,https://img.pokemondb.net/sprites/omega-ruby-alpha-sapphire/dex/normal/azurill.png,Normal,Fairy,298
Nosepass,https://img.pokemondb.net/sprites/omega-ruby-alpha-sapphire/dex/normal/nosepass.png,Rock,None,299
Skitty,https://img.pokemondb.net/sprites/omega-ruby-alpha-sapphire/dex/normal/skitty.png,Normal,None,300
Delcatty,https://img.pokemondb.net/sprites/omega-ruby-alpha-sapphire/dex/normal/delcatty.png,Normal,None,301
Sableye,https://img.pokemondb.net/sprites/omega-ruby-alpha-sapphire/dex/normal/sableye.png,Dark,Ghost,302
Mawile,https://img.pokemondb.net/sprites/omega-ruby-alpha-sapphire/dex/normal/mawile.png,Steel,Fairy,303
Aron,https://img.pokemondb.net/sprites/omega-ruby-alpha-sapphire/dex/normal/aron.png,Steel,Rock,304
Lairon,https://img.pokemondb.net/sprites/omega-ruby-alpha-sapphire/dex/normal/lairon.png,Steel,Rock,305
Aggron,https://img.pokemondb.net/sprites/omega-ruby-alpha-sapphire/dex/normal/aggron.png,Steel,Rock,306
Meditite,https://img.pokemondb.net/sprites/omega-ruby-alpha-sapphire/dex/normal/meditite.png,Fighting,Psychic,307
Medicham,https://img.pokemondb.net/sprites/omega-ruby-alpha-sapphire/dex/normal/medicham.png,Fighting,Psychic,308
Electrike,https://img.pokemondb.net/sprites/omega-ruby-alpha-sapphire/dex/normal/electrike.png,Electric,None,309
Manectric,https://img.pokemondb.net/sprites/omega-ruby-alpha-sapphire/dex/normal/manectric.png,Electric,None,310
Plusle,https://img.pokemondb.net/sprites/omega-ruby-alpha-sapphire/dex/normal/plusle.png,Electric,None,311
Minun,https://img.pokemondb.net/sprites/omega-ruby-alpha-sapphire/dex/normal/minun.png,Electric,None,312
Volbeat,https://img.pokemondb.net/sprites/omega-ruby-alpha-sapphire/dex/normal/volbeat.png,Bug,None,313
Illumise,https://img.pokemondb.net/sprites/omega-ruby-alpha-sapphire/dex/normal/illumise.png,Bug,None,314
Roselia,https://img.pokemondb.net/sprites/omega-ruby-alpha-sapphire/dex/normal/roselia.png,Grass,Poison,315
Gulpin,https://img.pokemondb.net/sprites/omega-ruby-alpha-sapphire/dex/normal/gulpin.png,Poison,None,316
Swalot,https://img.pokemondb.net/sprites/omega-ruby-alpha-sapphire/dex/normal/swalot.png,Poison,None,317
Carvanha,https://img.pokemondb.net/sprites/omega-ruby-alpha-sapphire/dex/normal/carvanha.png,Water,Dark,318
Sharpedo,https://img.pokemondb.net/sprites/omega-ruby-alpha-sapphire/dex/normal/sharpedo.png,Water,Dark,319
Wailmer,https://img.pokemondb.net/sprites/omega-ruby-alpha-sapphire/dex/normal/wailmer.png,Water,None,320
Wailord,https://img.pokemondb.net/sprites/omega-ruby-alpha-sapphire/dex/normal/wailord.png,Water,None,321
Numel,https://img.pokemondb.net/sprites/omega-ruby-alpha-sapphire/dex/normal/numel.png,Fire,Ground,322
Camerupt,https://img.pokemondb.net/sprites/omega-ruby-alpha-sapphire/dex/normal/camerupt.png,Fire,Ground,323
Torkoal,https://img.pokemondb.net/sprites/omega-ruby-alpha-sapphire/dex/normal/torkoal.png,Fire,None,324
Spoink,https://img.pokemondb.net/sprites/omega-ruby-alpha-sapphire/dex/normal/spoink.png,Psychic,None,325
Grumpig,https://img.pokemondb.net/sprites/omega-ruby-alpha-sapphire/dex/normal/grumpig.png,Psychic,None,326
Spinda,https://img.pokemondb.net/sprites/omega-ruby-alpha-sapphire/dex/normal/spinda.png,Normal,None,327
Trapinch,https://img.pokemondb.net/sprites/omega-ruby-alpha-sapphire/dex/normal/trapinch.png,Ground,None,328
Vibrava,https://img.pokemondb.net/sprites/omega-ruby-alpha-sapphire/dex/normal/vibrava.png,Ground,Dragon,329
Flygon,https://img.pokemondb.net/sprites/omega-ruby-alpha-sapphire/dex/normal/flygon.png,Ground,Dragon,330
Cacnea,https://img.pokemondb.net/sprites/omega-ruby-alpha-sapphire/dex/normal/cacnea.png,Grass,None,331
Cacturne,https://img.pokemondb.net/sprites/omega-ruby-alpha-sapphire/dex/normal/cacturne.png,Grass,Dark,332
Swablu,https://img.pokemondb.net/sprites/omega-ruby-alpha-sapphire/dex/normal/swablu.png,Normal,Flying,333
Altaria,https://img.pokemondb.net/sprites/omega-ruby-alpha-sapphire/dex/normal/altaria.png,Dragon,Flying,334
Zangoose,https://img.pokemondb.net/sprites/omega-ruby-alpha-sapphire/dex/normal/zangoose.png,Normal,None,335
Seviper,https://img.pokemondb.net/sprites/omega-ruby-alpha-sapphire/dex/normal/seviper.png,Poison,None,336
Lunatone,https://img.pokemondb.net/sprites/omega-ruby-alpha-sapphire/dex/normal/lunatone.png,Rock,Psychic,337
Solrock,https://img.pokemondb.net/sprites/omega-ruby-alpha-sapphire/dex/normal/solrock.png,Rock,Psychic,338
Barboach,https://img.pokemondb.net/sprites/omega-ruby-alpha-sapphire/dex/normal/barboach.png,Water,Ground,339
Whiscash,https://img.pokemondb.net/sprites/omega-ruby-alpha-sapphire/dex/normal/whiscash.png,Water,Ground,340
Corphish,https://img.pokemondb.net/sprites/omega-ruby-alpha-sapphire/dex/normal/corphish.png,Water,None,341
Crawdaunt,https://img.pokemondb.net/sprites/omega-ruby-alpha-sapphire/dex/normal/crawdaunt.png,Water,Dark,342
Baltoy,https://img.pokemondb.net/sprites/omega-ruby-alpha-sapphire/dex/normal/baltoy.png,Ground,Psychic,343
Claydol,https://img.pokemondb.net/sprites/omega-ruby-alpha-sapphire/dex/normal/claydol.png,Ground,Psychic,344
Lileep,https://img.pokemondb.net/sprites/omega-ruby-alpha-sapphire/dex/normal/lileep.png,Rock,Grass,345
Cradily,https://img.pokemondb.net/sprites/omega-ruby-alpha-sapphire/dex/normal/cradily.png,Rock,Grass,346
Anorith,https://img.pokemondb.net/sprites/omega-ruby-alpha-sapphire/dex/normal/anorith.png,Rock,Bug,347
Armaldo,https://img.pokemondb.net/sprites/omega-ruby-alpha-sapphire/dex/normal/armaldo.png,Rock,Bug,348
Feebas,https://img.pokemondb.net/sprites/omega-ruby-alpha-sapphire/dex/normal/feebas.png,Water,None,349
Milotic,https://img.pokemondb.net/sprites/omega-ruby-alpha-sapphire/dex/normal/milotic.png,Water,None,350
Castform,https://img.pokemondb.net/sprites/omega-ruby-alpha-sapphire/dex/normal/castform.png,Normal,None,351
Kecleon,https://img.pokemondb.net/sprites/omega-ruby-alpha-sapphire/dex/normal/kecleon.png,Normal,None,352
Shuppet,https://img.pokemondb.net/sprites/omega-ruby-alpha-sapphire/dex/normal/shuppet.png,Ghost,None,353
Banette,https://img.pokemondb.net/sprites/omega-ruby-alpha-sapphire/dex/normal/banette.png,Ghost,None,354
Duskull,https://img.pokemondb.net/sprites/omega-ruby-alpha-sapphire/dex/normal/duskull.png,Ghost,None,355
Dusclops,https://img.pokemondb.net/sprites/omega-ruby-alpha-sapphire/dex/normal/dusclops.png,Ghost,None,356
Tropius,https://img.pokemondb.net/sprites/omega-ruby-alpha-sapphire/dex/normal/tropius.png,Grass,Flying,357
Chimecho,https://img.pokemondb.net/sprites/omega-ruby-alpha-sapphire/dex/normal/chimecho.png,Psychic,None,358
Absol,https://img.pokemondb.net/sprites/omega-ruby-alpha-sapphire/dex/normal/absol.png,Dark,None,359
Wynaut,https://img.pokemondb.net/sprites/omega-ruby-alpha-sapphire/dex/normal/wynaut.png,Psychic,None,360
Snorunt,https://img.pokemondb.net/sprites/omega-ruby-alpha-sapphire/dex/normal/snorunt.png,Ice,None,361
Glalie,https://img.pokemondb.net/sprites/omega-ruby-alpha-sapphire/dex/normal/glalie.png,Ice,None,362
Spheal,https://img.pokemondb.net/sprites/omega-ruby-alpha-sapphire/dex/normal/spheal.png,Ice,Water,363
Sealeo,https://img.pokemondb.net/sprites/omega-ruby-alpha-sapphire/dex/normal/sealeo.png,Ice,Water,364
Walrein,https://img.pokemondb.net/sprites/omega-ruby-alpha-sapphire/dex/normal/walrein.png,Ice,Water,365
Clamperl,https://img.pokemondb.net/sprites/omega-ruby-alpha-sapphire/dex/normal/clamperl.png,Water,None,366
Huntail,https://img.pokemondb.net/sprites/omega-ruby-alpha-sapphire/dex/normal/huntail.png,Water,None,367
Gorebyss,https://img.pokemondb.net/sprites/omega-ruby-alpha-sapphire/dex/normal/gorebyss.png,Water,None,368
Relicanth,https://img.pokemondb.net/sprites/omega-ruby-alpha-sapphire/dex/normal/relicanth.png,Water,Rock,369
Luvdisc,https://img.pokemondb.net/sprites/omega-ruby-alpha-sapphire/dex/normal/luvdisc.png,Water,None,370
Bagon,https://img.pokemondb.net/sprites/omega-ruby-alpha-sapphire/dex/normal/bagon.png,Dragon,None,371
Shelgon,https://img.pokemondb.net/sprites/omega-ruby-alpha-sapphire/dex/normal/shelgon.png,Dragon,None,372
Salamence,https://img.pokemondb.net/sprites/omega-ruby-alpha-sapphire/dex/normal/salamence.png,Dragon,Flying,373
Beldum,https://img.pokemondb.net/sprites/omega-ruby-alpha-sapphire/dex/normal/beldum.png,Steel,Psychic,374
Metang,https://img.pokemondb.net/sprites/omega-ruby-alpha-sapphire/dex/normal/metang.png,Steel,Psychic,375
Metagross,https://img.pokemondb.net/sprites/omega-ruby-alpha-sapphire/dex/normal/metagross.png,Steel,Psychic,376
Regirock,https://img.pokemondb.net/sprites/omega-ruby-alpha-sapphire/dex/normal/regirock.png,Rock,None,377
Regice,https://img.pokemondb.net/sprites/omega-ruby-alpha-sapphire/dex/normal/regice.png,Ice,None,378
Registeel,https://img.pokemondb.net/sprites/omega-ruby-alpha-sapphire/dex/normal/registeel.png,Steel,None,379
Latias,https://img.pokemondb.net/sprites/omega-ruby-alpha-sapphire/dex/normal/latias.png,Dragon,Psychic,380
Latios,https://img.pokemondb.net/sprites/omega-ruby-alpha-sapphire/dex/normal/latios.png,Dragon,Psychic,381
Kyogre,https://img.pokemondb.net/sprites/omega-ruby-alpha-sapphire/dex/normal/kyogre.png,Water,None,382
Groudon,https://img.pokemondb.net/sprites/omega-ruby-alpha-sapphire/dex/normal/groudon.png,Ground,None,383
Rayquaza,https://img.pokemondb.net/sprites/omega-ruby-alpha-sapphire/dex/normal/rayquaza.png,Dragon,Flying,384
Jirachi,https://img.pokemondb.net/sprites/omega-ruby-alpha-sapphire/dex/normal/jirachi.png,Steel,Psychic,385
Deoxys,https://img.pokemondb.net/sprites/omega-ruby-alpha-sapphire/dex/normal/deoxys-normal.png,Psychic,None,386
Turtwig,https://img.pokemondb.net/sprites/omega-ruby-alpha-sapphire/dex/normal/turtwig.png,Grass,None,387
Grotle,https://img.pokemondb.net/sprites/omega-ruby-alpha-sapphire/dex/normal/grotle.png,Grass,None,388
Torterra,https://img.pokemondb.net/sprites/omega-ruby-alpha-sapphire/dex/normal/torterra.png,Grass,Ground,389
Chimchar,https://img.pokemondb.net/sprites/omega-ruby-alpha-sapphire/dex/normal/chimchar.png,Fire,None,390
Monferno,https://img.pokemondb.net/sprites/omega-ruby-alpha-sapphire/dex/normal/monferno.png,Fire,Fighting,391
Infernape,https://img.pokemondb.net/sprites/omega-ruby-alpha-sapphire/dex/normal/infernape.png,Fire,Fighting,392
Piplup,https://img.pokemondb.net/sprites/omega-ruby-alpha-sapphire/dex/normal/piplup.png,Water,None,393
Prinplup,https://img.pokemondb.net/sprites/omega-ruby-alpha-sapphire/dex/normal/prinplup.png,Water,None,394
Empoleon,https://img.pokemondb.net/sprites/omega-ruby-alpha-sapphire/dex/normal/empoleon.png,Water,Steel,395
Starly,https://img.pokemondb.net/sprites/omega-ruby-alpha-sapphire/dex/normal/starly.png,Normal,Flying,396
Staravia,https://img.pokemondb.net/sprites/omega-ruby-alpha-sapphire/dex/normal/staravia.png,Normal,Flying,397
Staraptor,https://img.pokemondb.net/sprites/omega-ruby-alpha-sapphire/dex/normal/staraptor.png,Normal,Flying,398
Bidoof,https://img.pokemondb.net/sprites/omega-ruby-alpha-sapphire/dex/normal/bidoof.png,Normal,None,399
Bibarel,https://img.pokemondb.net/sprites/omega-ruby-alpha-sapphire/dex/normal/bibarel.png,Normal,Water,400
Kricketot,https://img.pokemondb.net/sprites/omega-ruby-alpha-sapphire/dex/normal/kricketot.png,Bug,None,401
Kricketune,https://img.pokemondb.net/sprites/omega-ruby-alpha-sapphire/dex/normal/kricketune.png,Bug,None,402
Shinx,https://img.pokemondb.net/sprites/omega-ruby-alpha-sapphire/dex/normal/shinx.png,Electric,None,403
Luxio,https://img.pokemondb.net/sprites/omega-ruby-alpha-sapphire/dex/normal/luxio.png,Electric,None,404
Luxray,https://img.pokemondb.net/sprites/omega-ruby-alpha-sapphire/dex/normal/luxray.png,Electric,None,405
Budew,https://img.pokemondb.net/sprites/omega-ruby-alpha-sapphire/dex/normal/budew.png,Grass,Poison,406
Roserade,https://img.pokemondb.net/sprites/omega-ruby-alpha-sapphire/dex/normal/roserade.png,Grass,Poison,407
Cranidos,https://img.pokemondb.net/sprites/omega-ruby-alpha-sapphire/dex/normal/cranidos.png,Rock,None,408
Rampardos,https://img.pokemondb.net/sprites/omega-ruby-alpha-sapphire/dex/normal/rampardos.png,Rock,None,409
Shieldon,https://img.pokemondb.net/sprites/omega-ruby-alpha-sapphire/dex/normal/shieldon.png,Rock,Steel,410
Bastiodon,https://img.pokemondb.net/sprites/omega-ruby-alpha-sapphire/dex/normal/bastiodon.png,Rock,Steel,411
Burmy,https://img.pokemondb.net/sprites/omega-ruby-alpha-sapphire/dex/normal/burmy.png,Bug,None,412
Wormadam,https://img.pokemondb.net/sprites/omega-ruby-alpha-sapphire/dex/normal/wormadam-plant.png,Bug,Grass,413
Mothim,https://img.pokemondb.net/sprites/omega-ruby-alpha-sapphire/dex/normal/mothim.png,Bug,Flying,414
Combee,https://img.pokemondb.net/sprites/omega-ruby-alpha-sapphire/dex/normal/combee.png,Bug,Flying,415
Vespiquen,https://img.pokemondb.net/sprites/omega-ruby-alpha-sapphire/dex/normal/vespiquen.png,Bug,Flying,416
Pachirisu,https://img.pokemondb.net/sprites/omega-ruby-alpha-sapphire/dex/normal/pachirisu.png,Electric,None,417
Buizel,https://img.pokemondb.net/sprites/omega-ruby-alpha-sapphire/dex/normal/buizel.png,Water,None,418
Floatzel,https://img.pokemondb.net/sprites/omega-ruby-alpha-sapphire/dex/normal/floatzel.png,Water,None,419
Cherubi,https://img.pokemondb.net/sprites/omega-ruby-alpha-sapphire/dex/normal/cherubi.png,Grass,None,420
Cherrim,https://img.pokemondb.net/sprites/omega-ruby-alpha-sapphire/dex/normal/cherrim.png,Grass,None,421
Shellos,https://img.pokemondb.net/sprites/omega-ruby-alpha-sapphire/dex/normal/shellos.png,Water,None,422
Gastrodon,https://img.pokemondb.net/sprites/omega-ruby-alpha-sapphire/dex/normal/gastrodon.png,Water,Ground,423
Ambipom,https://img.pokemondb.net/sprites/omega-ruby-alpha-sapphire/dex/normal/ambipom.png,Normal,None,424
Drifloon,https://img.pokemondb.net/sprites/omega-ruby-alpha-sapphire/dex/normal/drifloon.png,Ghost,Flying,425
Drifblim,https://img.pokemondb.net/sprites/omega-ruby-alpha-sapphire/dex/normal/drifblim.png,Ghost,Flying,426
Buneary,https://img.pokemondb.net/sprites/omega-ruby-alpha-sapphire/dex/normal/buneary.png,Normal,None,427
Lopunny,https://img.pokemondb.net/sprites/omega-ruby-alpha-sapphire/dex/normal/lopunny.png,Normal,None,428
Mismagius,https://img.pokemondb.net/sprites/omega-ruby-alpha-sapphire/dex/normal/mismagius.png,Ghost,None,429
Honchkrow,https://img.pokemondb.net/sprites/omega-ruby-alpha-sapphire/dex/normal/honchkrow.png,Dark,Flying,430
Glameow,https://img.pokemondb.net/sprites/omega-ruby-alpha-sapphire/dex/normal/glameow.png,Normal,None,431
Purugly,https://img.pokemondb.net/sprites/omega-ruby-alpha-sapphire/dex/normal/purugly.png,Normal,None,432
Chingling,https://img.pokemondb.net/sprites/omega-ruby-alpha-sapphire/dex/normal/chingling.png,Psychic,None,433
Stunky,https://img.pokemondb.net/sprites/omega-ruby-alpha-sapphire/dex/normal/stunky.png,Poison,Dark,434
Skuntank,https://img.pokemondb.net/sprites/omega-ruby-alpha-sapphire/dex/normal/skuntank.png,Poison,Dark,435
Bronzor,https://img.pokemondb.net/sprites/omega-ruby-alpha-sapphire/dex/normal/bronzor.png,Steel,Psychic,436
Bronzong,https://img.pokemondb.net/sprites/omega-ruby-alpha-sapphire/dex/normal/bronzong.png,Steel,Psychic,437
Bonsly,https://img.pokemondb.net/sprites/omega-ruby-alpha-sapphire/dex/normal/bonsly.png,Rock,None,438
Mime-Jr,https://img.pokemondb.net/sprites/omega-ruby-alpha-sapphire/dex/normal/mime-jr.png,Psychic,Fairy,439
Happiny,https://img.pokemondb.net/sprites/omega-ruby-alpha-sapphire/dex/normal/happiny.png,Normal,None,440
Chatot,https://img.pokemondb.net/sprites/omega-ruby-alpha-sapphire/dex/normal/chatot.png,Normal,Flying,441
Spiritomb,https://img.pokemondb.net/sprites/omega-ruby-alpha-sapphire/dex/normal/spiritomb.png,Ghost,Dark,442
Gible,https://img.pokemondb.net/sprites/omega-ruby-alpha-sapphire/dex/normal/gible.png,Dragon,Ground,443
Gabite,https://img.pokemondb.net/sprites/omega-ruby-alpha-sapphire/dex/normal/gabite.png,Dragon,Ground,444
Garchomp,https://img.pokemondb.net/sprites/omega-ruby-alpha-sapphire/dex/normal/garchomp.png,Dragon,Ground,445
Munchlax,https://img.pokemondb.net/sprites/omega-ruby-alpha-sapphire/dex/normal/munchlax.png,Normal,None,446
Riolu,https://img.pokemondb.net/sprites/omega-ruby-alpha-sapphire/dex/normal/riolu.png,Fighting,None,447
Lucario,https://img.pokemondb.net/sprites/omega-ruby-alpha-sapphire/dex/normal/lucario.png,Fighting,Steel,448
Hippopotas,https://img.pokemondb.net/sprites/omega-ruby-alpha-sapphire/dex/normal/hippopotas.png,Ground,None,449
Hippowdon,https://img.pokemondb.net/sprites/omega-ruby-alpha-sapphire/dex/normal/hippowdon.png,Ground,None,450
Skorupi,https://img.pokemondb.net/sprites/omega-ruby-alpha-sapphire/dex/normal/skorupi.png,Poison,Bug,451
Drapion,https://img.pokemondb.net/sprites/omega-ruby-alpha-sapphire/dex/normal/drapion.png,Poison,Dark,452
Croagunk,https://img.pokemondb.net/sprites/omega-ruby-alpha-sapphire/dex/normal/croagunk.png,Poison,Fighting,453
Toxicroak,https://img.pokemondb.net/sprites/omega-ruby-alpha-sapphire/dex/normal/toxicroak.png,Poison,Fighting,454
Carnivine,https://img.pokemondb.net/sprites/omega-ruby-alpha-sapphire/dex/normal/carnivine.png,Grass,None,455
Finneon,https://img.pokemondb.net/sprites/omega-ruby-alpha-sapphire/dex/normal/finneon.png,Water,None,456
Lumineon,https://img.pokemondb.net/sprites/omega-ruby-alpha-sapphire/dex/normal/lumineon.png,Water,None,457
Mantyke,https://img.pokemondb.net/sprites/omega-ruby-alpha-sapphire/dex/normal/mantyke.png,Water,Flying,458
Snover,https://img.pokemondb.net/sprites/omega-ruby-alpha-sapphire/dex/normal/snover.png,Grass,Ice,459
Abomasnow,https://img.pokemondb.net/sprites/omega-ruby-alpha-sapphire/dex/normal/abomasnow.png,Grass,Ice,460
Weavile,https://img.pokemondb.net/sprites/omega-ruby-alpha-sapphire/dex/normal/weavile.png,Dark,Ice,461
Magnezone,https://img.pokemondb.net/sprites/omega-ruby-alpha-sapphire/dex/normal/magnezone.png,Electric,Steel,462
Lickilicky,https://img.pokemondb.net/sprites/omega-ruby-alpha-sapphire/dex/normal/lickilicky.png,Normal,None,463
Rhyperior,https://img.pokemondb.net/sprites/omega-ruby-alpha-sapphire/dex/normal/rhyperior.png,Ground,Rock,464
Tangrowth,https://img.pokemondb.net/sprites/omega-ruby-alpha-sapphire/dex/normal/tangrowth.png,Grass,None,465
Electivire,https://img.pokemondb.net/sprites/omega-ruby-alpha-sapphire/dex/normal/electivire.png,Electric,None,466
Magmortar,https://img.pokemondb.net/sprites/omega-ruby-alpha-sapphire/dex/normal/magmortar.png,Fire,None,467
Togekiss,https://img.pokemondb.net/sprites/omega-ruby-alpha-sapphire/dex/normal/togekiss.png,Fairy,Flying,468
Yanmega,https://img.pokemondb.net/sprites/omega-ruby-alpha-sapphire/dex/normal/yanmega.png,Bug,Flying,469
Leafeon,https://img.pokemondb.net/sprites/omega-ruby-alpha-sapphire/dex/normal/leafeon.png,Grass,None,470
Glaceon,https://img.pokemondb.net/sprites/omega-ruby-alpha-sapphire/dex/normal/glaceon.png,Ice,None,471
Gliscor,https://img.pokemondb.net/sprites/omega-ruby-alpha-sapphire/dex/normal/gliscor.png,Ground,Flying,472
Mamoswine,https://img.pokemondb.net/sprites/omega-ruby-alpha-sapphire/dex/normal/mamoswine.png,Ice,Ground,473
Porygon-Z,https://img.pokemondb.net/sprites/omega-ruby-alpha-sapphire/dex/normal/porygon-z.png,Normal,None,474
Gallade,https://img.pokemondb.net/sprites/omega-ruby-alpha-sapphire/dex/normal/gallade.png,Psychic,Fighting,475
Probopass,https://img.pokemondb.net/sprites/omega-ruby-alpha-sapphire/dex/normal/probopass.png,Rock,Steel,476
Dusknoir,https://img.pokemondb.net/sprites/omega-ruby-alpha-sapphire/dex/normal/dusknoir.png,Ghost,None,477
Froslass,https://img.pokemondb.net/sprites/omega-ruby-alpha-sapphire/dex/normal/froslass.png,Ice,Ghost,478
Rotom,https://img.pokemondb.net/sprites/omega-ruby-alpha-sapphire/dex/normal/rotom.png,Electric,Ghost,479
Uxie,https://img.pokemondb.net/sprites/omega-ruby-alpha-sapphire/dex/normal/uxie.png,Psychic,None,480
Mesprit,https://img.pokemondb.net/sprites/omega-ruby-alpha-sapphire/dex/normal/mesprit.png,Psychic,None,481
Azelf,https://img.pokemondb.net/sprites/omega-ruby-alpha-sapphire/dex/normal/azelf.png,Psychic,None,482
Dialga,https://img.pokemondb.net/sprites/omega-ruby-alpha-sapphire/dex/normal/dialga.png,Steel,Dragon,483
Palkia,https://img.pokemondb.net/sprites/omega-ruby-alpha-sapphire/dex/normal/palkia.png,Water,Dragon,484
Heatran,https://img.pokemondb.net/sprites/omega-ruby-alpha-sapphire/dex/normal/heatran.png,Fire,Steel,485
Regigigas,https://img.pokemondb.net/sprites/omega-ruby-alpha-sapphire/dex/normal/regigigas.png,Normal,None,486
Giratina,https://img.pokemondb.net/sprites/omega-ruby-alpha-sapphire/dex/normal/giratina-altered.png,Ghost,Dragon,487
Cresselia,https://img.pokemondb.net/sprites/omega-ruby-alpha-sapphire/dex/normal/cresselia.png,Psychic,None,488
Phione,https://img.pokemondb.net/sprites/omega-ruby-alpha-sapphire/dex/normal/phione.png,Water,None,489
Manaphy,https://img.pokemondb.net/sprites/omega-ruby-alpha-sapphire/dex/normal/manaphy.png,Water,None,490
Darkrai,https://img.pokemondb.net/sprites/omega-ruby-alpha-sapphire/dex/normal/darkrai.png,Dark,None,491
Shaymin,https://img.pokemondb.net/sprites/omega-ruby-alpha-sapphire/dex/normal/shaymin-land.png,Grass,None,492
Arceus,https://img.pokemondb.net/sprites/omega-ruby-alpha-sapphire/dex/normal/arceus.png,Normal,None,493
Victini,https://img.pokemondb.net/sprites/omega-ruby-alpha-sapphire/dex/normal/victini.png,Psychic,Fire,494
Snivy,https://img.pokemondb.net/sprites/omega-ruby-alpha-sapphire/dex/normal/snivy.png,Grass,None,495
Servine,https://img.pokemondb.net/sprites/omega-ruby-alpha-sapphire/dex/normal/servine.png,Grass,None,496
Serperior,https://img.pokemondb.net/sprites/omega-ruby-alpha-sapphire/dex/normal/serperior.png,Grass,None,497
Tepig,https://img.pokemondb.net/sprites/omega-ruby-alpha-sapphire/dex/normal/tepig.png,Fire,None,498
Pignite,https://img.pokemondb.net/sprites/omega-ruby-alpha-sapphire/dex/normal/pignite.png,Fire,Fighting,499
Emboar,https://img.pokemondb.net/sprites/omega-ruby-alpha-sapphire/dex/normal/emboar.png,Fire,Fighting,500
Oshawott,https://img.pokemondb.net/sprites/omega-ruby-alpha-sapphire/dex/normal/oshawott.png,Water,None,501
Dewott,https://img.pokemondb.net/sprites/omega-ruby-alpha-sapphire/dex/normal/dewott.png,Water,None,502
Samurott,https://img.pokemondb.net/sprites/omega-ruby-alpha-sapphire/dex/normal/samurott.png,Water,None,503
Patrat,https://img.pokemondb.net/sprites/omega-ruby-alpha-sapphire/dex/normal/patrat.png,Normal,None,504
Watchog,https://img.pokemondb.net/sprites/omega-ruby-alpha-sapphire/dex/normal/watchog.png,Normal,None,505
Lillipup,https://img.pokemondb.net/sprites/omega-ruby-alpha-sapphire/dex/normal/lillipup.png,Normal,None,506
Herdier,https://img.pokemondb.net/sprites/omega-ruby-alpha-sapphire/dex/normal/herdier.png,Normal,None,507
Stoutland,https://img.pokemondb.net/sprites/omega-ruby-alpha-sapphire/dex/normal/stoutland.png,Normal,None,508
Purrloin,https://img.pokemondb.net/sprites/omega-ruby-alpha-sapphire/dex/normal/purrloin.png,Dark,None,509
Liepard,https://img.pokemondb.net/sprites/omega-ruby-alpha-sapphire/dex/normal/liepard.png,Dark,None,510
Pansage,https://img.pokemondb.net/sprites/omega-ruby-alpha-sapphire/dex/normal/pansage.png,Grass,None,511
Simisage,https://img.pokemondb.net/sprites/omega-ruby-alpha-sapphire/dex/normal/simisage.png,Grass,None,512
Pansear,https://img.pokemondb.net/sprites/omega-ruby-alpha-sapphire/dex/normal/pansear.png,Fire,None,513
Simisear,https://img.pokemondb.net/sprites/omega-ruby-alpha-sapphire/dex/normal/simisear.png,Fire,None,514
Panpour,https://img.pokemondb.net/sprites/omega-ruby-alpha-sapphire/dex/normal/panpour.png,Water,None,515
Simipour,https://img.pokemondb.net/sprites/omega-ruby-alpha-sapphire/dex/normal/simipour.png,Water,None,516
Munna,https://img.pokemondb.net/sprites/omega-ruby-alpha-sapphire/dex/normal/munna.png,Psychic,None,517
Musharna,https://img.pokemondb.net/sprites/omega-ruby-alpha-sapphire/dex/normal/musharna.png,Psychic,None,518
Pidove,https://img.pokemondb.net/sprites/omega-ruby-alpha-sapphire/dex/normal/pidove.png,Normal,Flying,519
Tranquill,https://img.pokemondb.net/sprites/omega-ruby-alpha-sapphire/dex/normal/tranquill.png,Normal,Flying,520
Unfezant,https://img.pokemondb.net/sprites/omega-ruby-alpha-sapphire/dex/normal/unfezant.png,Normal,Flying,521
Blitzle,https://img.pokemondb.net/sprites/omega-ruby-alpha-sapphire/dex/normal/blitzle.png,Electric,None,522
Zebstrika,https://img.pokemondb.net/sprites/omega-ruby-alpha-sapphire/dex/normal/zebstrika.png,Electric,None,523
Roggenrola,https://img.pokemondb.net/sprites/omega-ruby-alpha-sapphire/dex/normal/roggenrola.png,Rock,None,524
Boldore,https://img.pokemondb.net/sprites/omega-ruby-alpha-sapphire/dex/normal/boldore.png,Rock,None,525
Gigalith,https://img.pokemondb.net/sprites/omega-ruby-alpha-sapphire/dex/normal/gigalith.png,Rock,None,526
Woobat,https://img.pokemondb.net/sprites/omega-ruby-alpha-sapphire/dex/normal/woobat.png,Psychic,Flying,527
Swoobat,https://img.pokemondb.net/sprites/omega-ruby-alpha-sapphire/dex/normal/swoobat.png,Psychic,Flying,528
Drilbur,https://img.pokemondb.net/sprites/omega-ruby-alpha-sapphire/dex/normal/drilbur.png,Ground,None,529
Excadrill,https://img.pokemondb.net/sprites/omega-ruby-alpha-sapphire/dex/normal/excadrill.png,Ground,Steel,530
Audino,https://img.pokemondb.net/sprites/omega-ruby-alpha-sapphire/dex/normal/audino.png,Normal,None,531
Timburr,https://img.pokemondb.net/sprites/omega-ruby-alpha-sapphire/dex/normal/timburr.png,Fighting,None,532
Gurdurr,https://img.pokemondb.net/sprites/omega-ruby-alpha-sapphire/dex/normal/gurdurr.png,Fighting,None,533
Conkeldurr,https://img.pokemondb.net/sprites/omega-ruby-alpha-sapphire/dex/normal/conkeldurr.png,Fighting,None,534
Tympole,https://img.pokemondb.net/sprites/omega-ruby-alpha-sapphire/dex/normal/tympole.png,Water,None,535
Palpitoad,https://img.pokemondb.net/sprites/omega-ruby-alpha-sapphire/dex/normal/palpitoad.png,Water,Ground,536
Seismitoad,https://img.pokemondb.net/sprites/omega-ruby-alpha-sapphire/dex/normal/seismitoad.png,Water,Ground,537
Throh,https://img.pokemondb.net/sprites/omega-ruby-alpha-sapphire/dex/normal/throh.png,Fighting,None,538
Sawk,https://img.pokemondb.net/sprites/omega-ruby-alpha-sapphire/dex/normal/sawk.png,Fighting,None,539
Sewaddle,https://img.pokemondb.net/sprites/omega-ruby-alpha-sapphire/dex/normal/sewaddle.png,Bug,Grass,540
Swadloon,https://img.pokemondb.net/sprites/omega-ruby-alpha-sapphire/dex/normal/swadloon.png,Bug,Grass,541
Leavanny,https://img.pokemondb.net/sprites/omega-ruby-alpha-sapphire/dex/normal/leavanny.png,Bug,Grass,542
Venipede,https://img.pokemondb.net/sprites/omega-ruby-alpha-sapphire/dex/normal/venipede.png,Bug,Poison,543
Whirlipede,https://img.pokemondb.net/sprites/omega-ruby-alpha-sapphire/dex/normal/whirlipede.png,Bug,Poison,544
Scolipede,https://img.pokemondb.net/sprites/omega-ruby-alpha-sapphire/dex/normal/scolipede.png,Bug,Poison,545
Cottonee,https://img.pokemondb.net/sprites/omega-ruby-alpha-sapphire/dex/normal/cottonee.png,Grass,Fairy,546
Whimsicott,https://img.pokemondb.net/sprites/omega-ruby-alpha-sapphire/dex/normal/whimsicott.png,Grass,Fairy,547
Petilil,https://img.pokemondb.net/sprites/omega-ruby-alpha-sapphire/dex/normal/petilil.png,Grass,None,548
Lilligant,https://img.pokemondb.net/sprites/omega-ruby-alpha-sapphire/dex/normal/lilligant.png,Grass,None,549
Basculin,https://img.pokemondb.net/sprites/omega-ruby-alpha-sapphire/dex/normal/basculin-red-striped.png,Water,None,550
Sandile,https://img.pokemondb.net/sprites/omega-ruby-alpha-sapphire/dex/normal/sandile.png,Ground,Dark,551
Krokorok,https://img.pokemondb.net/sprites/omega-ruby-alpha-sapphire/dex/normal/krokorok.png,Ground,Dark,552
Krookodile,https://img.pokemondb.net/sprites/omega-ruby-alpha-sapphire/dex/normal/krookodile.png,Ground,Dark,553
Darumaka,https://img.pokemondb.net/sprites/omega-ruby-alpha-sapphire/dex/normal/darumaka.png,Fire,None,554
Darmanitan,https://img.pokemondb.net/sprites/omega-ruby-alpha-sapphire/dex/normal/darmanitan-standard.png,Fire,None,555
Maractus,https://img.pokemondb.net/sprites/omega-ruby-alpha-sapphire/dex/normal/maractus.png,Grass,None,556
Dwebble,https://img.pokemondb.net/sprites/omega-ruby-alpha-sapphire/dex/normal/dwebble.png,Bug,Rock,557
Crustle,https://img.pokemondb.net/sprites/omega-ruby-alpha-sapphire/dex/normal/crustle.png,Bug,Rock,558
Scraggy,https://img.pokemondb.net/sprites/omega-ruby-alpha-sapphire/dex/normal/scraggy.png,Dark,Fighting,559
Scrafty,https://img.pokemondb.net/sprites/omega-ruby-alpha-sapphire/dex/normal/scrafty.png,Dark,Fighting,560
Sigilyph,https://img.pokemondb.net/sprites/omega-ruby-alpha-sapphire/dex/normal/sigilyph.png,Psychic,Flying,561
Yamask,https://img.pokemondb.net/sprites/omega-ruby-alpha-sapphire/dex/normal/yamask.png,Ghost,None,562
Cofagrigus,https://img.pokemondb.net/sprites/omega-ruby-alpha-sapphire/dex/normal/cofagrigus.png,Ghost,None,563
Tirtouga,https://img.pokemondb.net/sprites/omega-ruby-alpha-sapphire/dex/normal/tirtouga.png,Water,Rock,564
Carracosta,https://img.pokemondb.net/sprites/omega-ruby-alpha-sapphire/dex/normal/carracosta.png,Water,Rock,565
Archen,https://img.pokemondb.net/sprites/omega-ruby-alpha-sapphire/dex/normal/archen.png,Rock,Flying,566
Archeops,https://img.pokemondb.net/sprites/omega-ruby-alpha-sapphire/dex/normal/archeops.png,Rock,Flying,567
Trubbish,https://img.pokemondb.net/sprites/omega-ruby-alpha-sapphire/dex/normal/trubbish.png,Poison,None,568
Garbodor,https://img.pokemondb.net/sprites/omega-ruby-alpha-sapphire/dex/normal/garbodor.png,Poison,None,569
Zorua,https://img.pokemondb.net/sprites/omega-ruby-alpha-sapphire/dex/normal/zorua.png,Dark,None,570
Zoroark,https://img.pokemondb.net/sprites/omega-ruby-alpha-sapphire/dex/normal/zoroark.png,Dark,None,571
Minccino,https://img.pokemondb.net/sprites/omega-ruby-alpha-sapphire/dex/normal/minccino.png,Normal,None,572
Cinccino,https://img.pokemondb.net/sprites/omega-ruby-alpha-sapphire/dex/normal/cinccino.png,Normal,None,573
Gothita,https://img.pokemondb.net/sprites/omega-ruby-alpha-sapphire/dex/normal/gothita.png,Psychic,None,574
Gothorita,https://img.pokemondb.net/sprites/omega-ruby-alpha-sapphire/dex/normal/gothorita.png,Psychic,None,575
Gothitelle,https://img.pokemondb.net/sprites/omega-ruby-alpha-sapphire/dex/normal/gothitelle.png,Psychic,None,576
Solosis,https://img.pokemondb.net/sprites/omega-ruby-alpha-sapphire/dex/normal/solosis.png,Psychic,None,577
Duosion,https://img.pokemondb.net/sprites/omega-ruby-alpha-sapphire/dex/normal/duosion.png,Psychic,None,578
Reuniclus,https://img.pokemondb.net/sprites/omega-ruby-alpha-sapphire/dex/normal/reuniclus.png,Psychic,None,579
Ducklett,https://img.pokemondb.net/sprites/omega-ruby-alpha-sapphire/dex/normal/ducklett.png,Water,Flying,580
Swanna,https://img.pokemondb.net/sprites/omega-ruby-alpha-sapphire/dex/normal/swanna.png,Water,Flying,581
Vanillite,https://img.pokemondb.net/sprites/omega-ruby-alpha-sapphire/dex/normal/vanillite.png,Ice,None,582
Vanillish,https://img.pokemondb.net/sprites/omega-ruby-alpha-sapphire/dex/normal/vanillish.png,Ice,None,583
Vanilluxe,https://img.pokemondb.net/sprites/omega-ruby-alpha-sapphire/dex/normal/vanilluxe.png,Ice,None,584
Deerling,https://img.pokemondb.net/sprites/omega-ruby-alpha-sapphire/dex/normal/deerling.png,Normal,Grass,585
Sawsbuck,https://img.pokemondb.net/sprites/omega-ruby-alpha-sapphire/dex/normal/sawsbuck.png,Normal,Grass,586
Emolga,https://img.pokemondb.net/sprites/omega-ruby-alpha-sapphire/dex/normal/emolga.png,Electric,Flying,587
Karrablast,https://img.pokemondb.net/sprites/omega-ruby-alpha-sapphire/dex/normal/karrablast.png,Bug,None,588
Escavalier,https://img.pokemondb.net/sprites/omega-ruby-alpha-sapphire/dex/normal/escavalier.png,Bug,Steel,589
Foongus,https://img.pokemondb.net/sprites/omega-ruby-alpha-sapphire/dex/normal/foongus.png,Grass,Poison,590
Amoonguss,https://img.pokemondb.net/sprites/omega-ruby-alpha-sapphire/dex/normal/amoonguss.png,Grass,Poison,591
Frillish,https://img.pokemondb.net/sprites/omega-ruby-alpha-sapphire/dex/normal/frillish.png,Water,Ghost,592
Jellicent,https://img.pokemondb.net/sprites/omega-ruby-alpha-sapphire/dex/normal/jellicent.png,Water,Ghost,593
Alomomola,https://img.pokemondb.net/sprites/omega-ruby-alpha-sapphire/dex/normal/alomomola.png,Water,None,594
Joltik,https://img.pokemondb.net/sprites/omega-ruby-alpha-sapphire/dex/normal/joltik.png,Bug,Electric,595
Galvantula,https://img.pokemondb.net/sprites/omega-ruby-alpha-sapphire/dex/normal/galvantula.png,Bug,Electric,596
Ferroseed,https://img.pokemondb.net/sprites/omega-ruby-alpha-sapphire/dex/normal/ferroseed.png,Grass,Steel,597
Ferrothorn,https://img.pokemondb.net/sprites/omega-ruby-alpha-sapphire/dex/normal/ferrothorn.png,Grass,Steel,598
Klink,https://img.pokemondb.net/sprites/omega-ruby-alpha-sapphire/dex/normal/klink.png,Steel,None,599
Klang,https://img.pokemondb.net/sprites/omega-ruby-alpha-sapphire/dex/normal/klang.png,Steel,None,600
Klinklang,https://img.pokemondb.net/sprites/omega-ruby-alpha-sapphire/dex/normal/klinklang.png,Steel,None,601
Tynamo,https://img.pokemondb.net/sprites/omega-ruby-alpha-sapphire/dex/normal/tynamo.png,Electric,None,602
Eelektrik,https://img.pokemondb.net/sprites/omega-ruby-alpha-sapphire/dex/normal/eelektrik.png,Electric,None,603
Eelektross,https://img.pokemondb.net/sprites/omega-ruby-alpha-sapphire/dex/normal/eelektross.png,Electric,None,604
Elgyem,https://img.pokemondb.net/sprites/omega-ruby-alpha-sapphire/dex/normal/elgyem.png,Psychic,None,605
Beheeyem,https://img.pokemondb.net/sprites/omega-ruby-alpha-sapphire/dex/normal/beheeyem.png,Psychic,None,606
Litwick,https://img.pokemondb.net/sprites/omega-ruby-alpha-sapphire/dex/normal/litwick.png,Ghost,Fire,607
Lampent,https://img.pokemondb.net/sprites/omega-ruby-alpha-sapphire/dex/normal/lampent.png,Ghost,Fire,608
Chandelure,https://img.pokemondb.net/sprites/omega-ruby-alpha-sapphire/dex/normal/chandelure.png,Ghost,Fire,609
Axew,https://img.pokemondb.net/sprites/omega-ruby-alpha-sapphire/dex/normal/axew.png,Dragon,None,610
Fraxure,https://img.pokemondb.net/sprites/omega-ruby-alpha-sapphire/dex/normal/fraxure.png,Dragon,None,611
Haxorus,https://img.pokemondb.net/sprites/omega-ruby-alpha-sapphire/dex/normal/haxorus.png,Dragon,None,612
Cubchoo,https://img.pokemondb.net/sprites/omega-ruby-alpha-sapphire/dex/normal/cubchoo.png,Ice,None,613
Beartic,https://img.pokemondb.net/sprites/omega-ruby-alpha-sapphire/dex/normal/beartic.png,Ice,None,614
Cryogonal,https://img.pokemondb.net/sprites/omega-ruby-alpha-sapphire/dex/normal/cryogonal.png,Ice,None,615
Shelmet,https://img.pokemondb.net/sprites/omega-ruby-alpha-sapphire/dex/normal/shelmet.png,Bug,None,616
Accelgor,https://img.pokemondb.net/sprites/omega-ruby-alpha-sapphire/dex/normal/accelgor.png,Bug,None,617
Stunfisk,https://img.pokemondb.net/sprites/omega-ruby-alpha-sapphire/dex/normal/stunfisk.png,Ground,Electric,618
Mienfoo,https://img.pokemondb.net/sprites/omega-ruby-alpha-sapphire/dex/normal/mienfoo.png,Fighting,None,619
Mienshao,https://img.pokemondb.net/sprites/omega-ruby-alpha-sapphire/dex/normal/mienshao.png,Fighting,None,620
Druddigon,https://img.pokemondb.net/sprites/omega-ruby-alpha-sapphire/dex/normal/druddigon.png,Dragon,None,621
Golett,https://img.pokemondb.net/sprites/omega-ruby-alpha-sapphire/dex/normal/golett.png,Ground,Ghost,622
Golurk,https://img.pokemondb.net/sprites/omega-ruby-alpha-sapphire/dex/normal/golurk.png,Ground,Ghost,623
Pawniard,https://img.pokemondb.net/sprites/omega-ruby-alpha-sapphire/dex/normal/pawniard.png,Dark,Steel,624
Bisharp,https://img.pokemondb.net/sprites/omega-ruby-alpha-sapphire/dex/normal/bisharp.png,Dark,Steel,625
Bouffalant,https://img.pokemondb.net/sprites/omega-ruby-alpha-sapphire/dex/normal/bouffalant.png,Normal,None,626
Rufflet,https://img.pokemondb.net/sprites/omega-ruby-alpha-sapphire/dex/normal/rufflet.png,Normal,Flying,627
Braviary,https://img.pokemondb.net/sprites/omega-ruby-alpha-sapphire/dex/normal/braviary.png,Normal,Flying,628
Vullaby,https://img.pokemondb.net/sprites/omega-ruby-alpha-sapphire/dex/normal/vullaby.png,Dark,Flying,629
Mandibuzz,https://img.pokemondb.net/sprites/omega-ruby-alpha-sapphire/dex/normal/mandibuzz.png,Dark,Flying,630
Heatmor,https://img.pokemondb.net/sprites/omega-ruby-alpha-sapphire/dex/normal/heatmor.png,Fire,None,631
Durant,https://img.pokemondb.net/sprites/omega-ruby-alpha-sapphire/dex/normal/durant.png,Bug,Steel,632
Deino,https://img.pokemondb.net/sprites/omega-ruby-alpha-sapphire/dex/normal/deino.png,Dark,Dragon,633
Zweilous,https://img.pokemondb.net/sprites/omega-ruby-alpha-sapphire/dex/normal/zweilous.png,Dark,Dragon,634
Hydreigon,https://img.pokemondb.net/sprites/omega-ruby-alpha-sapphire/dex/normal/hydreigon.png,Dark,Dragon,635
Larvesta,https://img.pokemondb.net/sprites/omega-ruby-alpha-sapphire/dex/normal/larvesta.png,Bug,Fire,636
Volcarona,https://img.pokemondb.net/sprites/omega-ruby-alpha-sapphire/dex/normal/volcarona.png,Bug,Fire,637
Cobalion,https://img.pokemondb.net/sprites/omega-ruby-alpha-sapphire/dex/normal/cobalion.png,Steel,Fighting,638
Terrakion,https://img.pokemondb.net/sprites/omega-ruby-alpha-sapphire/dex/normal/terrakion.png,Rock,Fighting,639
Virizion,https://img.pokemondb.net/sprites/omega-ruby-alpha-sapphire/dex/normal/virizion.png,Grass,Fighting,640
Tornadus,https://img.pokemondb.net/sprites/omega-ruby-alpha-sapphire/dex/normal/tornadus-incarnate.png,Flying,None,641
Thundurus,https://img.pokemondb.net/sprites/omega-ruby-alpha-sapphire/dex/normal/thundurus-incarnate.png,Electric,Flying,642
Reshiram,https://img.pokemondb.net/sprites/omega-ruby-alpha-sapphire/dex/normal/reshiram.png,Dragon,Fire,643
Zekrom,https://img.pokemondb.net/sprites/omega-ruby-alpha-sapphire/dex/normal/zekrom.png,Dragon,Electric,644
Landorus,https://img.pokemondb.net/sprites/omega-ruby-alpha-sapphire/dex/normal/landorus-incarnate.png,Ground,Flying,645
Kyurem,https://img.pokemondb.net/sprites/omega-ruby-alpha-sapphire/dex/normal/kyurem.png,Dragon,Ice,646
Keldeo,https://img.pokemondb.net/sprites/omega-ruby-alpha-sapphire/dex/normal/keldeo-ordinary.png,Water,Fighting,647
Meloetta,https://img.pokemondb.net/sprites/omega-ruby-alpha-sapphire/dex/normal/meloetta-aria.png,Normal,Psychic,648
Genesect,https://img.pokemondb.net/sprites/omega-ruby-alpha-sapphire/dex/normal/genesect.png,Bug,Steel,649
Chespin,https://img.pokemondb.net/sprites/omega-ruby-alpha-sapphire/dex/normal/chespin.png,Grass,None,650
Quilladin,https://img.pokemondb.net/sprites/omega-ruby-alpha-sapphire/dex/normal/quilladin.png,Grass,None,651
Chesnaught,https://img.pokemondb.net/sprites/omega-ruby-alpha-sapphire/dex/normal/chesnaught.png,Grass,Fighting,652
Fennekin,https://img.pokemondb.net/sprites/omega-ruby-alpha-sapphire/dex/normal/fennekin.png,Fire,None,653
Braixen,https://img.pokemondb.net/sprites/omega-ruby-alpha-sapphire/dex/normal/braixen.png,Fire,None,654
Delphox,https://img.pokemondb.net/sprites/omega-ruby-alpha-sapphire/dex/normal/delphox.png,Fire,Psychic,655
Froakie,https://img.pokemondb.net/sprites/omega-ruby-alpha-sapphire/dex/normal/froakie.png,Water,None,656
Frogadier,https://img.pokemondb.net/sprites/omega-ruby-alpha-sapphire/dex/normal/frogadier.png,Water,None,657
Greninja,https://img.pokemondb.net/sprites/omega-ruby-alpha-sapphire/dex/normal/greninja.png,Water,Dark,658
Bunnelby,https://img.pokemondb.net/sprites/omega-ruby-alpha-sapphire/dex/normal/bunnelby.png,Normal,None,659
Diggersby,https://img.pokemondb.net/sprites/omega-ruby-alpha-sapphire/dex/normal/diggersby.png,Normal,Ground,660
Fletchling,https://img.pokemondb.net/sprites/omega-ruby-alpha-sapphire/dex/normal/fletchling.png,Normal,Flying,661
Fletchinder,https://img.pokemondb.net/sprites/omega-ruby-alpha-sapphire/dex/normal/fletchinder.png,Fire,Flying,662
Talonflame,https://img.pokemondb.net/sprites/omega-ruby-alpha-sapphire/dex/normal/talonflame.png,Fire,Flying,663
Scatterbug,https://img.pokemondb.net/sprites/omega-ruby-alpha-sapphire/dex/normal/scatterbug.png,Bug,None,664
Spewpa,https://img.pokemondb.net/sprites/omega-ruby-alpha-sapphire/dex/normal/spewpa.png,Bug,None,665
Vivillon,https://img.pokemondb.net/sprites/omega-ruby-alpha-sapphire/dex/normal/vivillon.png,Bug,Flying,666
Litleo,https://img.pokemondb.net/sprites/omega-ruby-alpha-sapphire/dex/normal/litleo.png,Fire,Normal,667
Pyroar,https://img.pokemondb.net/sprites/omega-ruby-alpha-sapphire/dex/normal/pyroar.png,Fire,Normal,668
Flabb,https://img.pokemondb.net/sprites/omega-ruby-alpha-sapphire/dex/normal/flabebe.png,Fairy,None,669
Floette,https://img.pokemondb.net/sprites/omega-ruby-alpha-sapphire/dex/normal/floette.png,Fairy,None,670
Florges,https://img.pokemondb.net/sprites/omega-ruby-alpha-sapphire/dex/normal/florges.png,Fairy,None,671
Skiddo,https://img.pokemondb.net/sprites/omega-ruby-alpha-sapphire/dex/normal/skiddo.png,Grass,None,672
Gogoat,https://img.pokemondb.net/sprites/omega-ruby-alpha-sapphire/dex/normal/gogoat.png,Grass,None,673
Pancham,https://img.pokemondb.net/sprites/omega-ruby-alpha-sapphire/dex/normal/pancham.png,Fighting,None,674
Pangoro,https://img.pokemondb.net/sprites/omega-ruby-alpha-sapphire/dex/normal/pangoro.png,Fighting,Dark,675
Furfrou,https://img.pokemondb.net/sprites/omega-ruby-alpha-sapphire/dex/normal/furfrou.png,Normal,None,676
Espurr,https://img.pokemondb.net/sprites/omega-ruby-alpha-sapphire/dex/normal/espurr.png,Psychic,None,677
Meowstic,https://img.pokemondb.net/sprites/omega-ruby-alpha-sapphire/dex/normal/meowstic-male.png,Psychic,None,678
Honedge,https://img.pokemondb.net/sprites/omega-ruby-alpha-sapphire/dex/normal/honedge.png,Steel,Ghost,679
Doublade,https://img.pokemondb.net/sprites/omega-ruby-alpha-sapphire/dex/normal/doublade.png,Steel,Ghost,680
Aegislash,https://img.pokemondb.net/sprites/omega-ruby-alpha-sapphire/dex/normal/aegislash-blade.png,Steel,Ghost,681
Spritzee,https://img.pokemondb.net/sprites/omega-ruby-alpha-sapphire/dex/normal/spritzee.png,Fairy,None,682
Aromatisse,https://img.pokemondb.net/sprites/omega-ruby-alpha-sapphire/dex/normal/aromatisse.png,Fairy,None,683
Swirlix,https://img.pokemondb.net/sprites/omega-ruby-alpha-sapphire/dex/normal/swirlix.png,Fairy,None,684
Slurpuff,https://img.pokemondb.net/sprites/omega-ruby-alpha-sapphire/dex/normal/slurpuff.png,Fairy,None,685
Inkay,https://img.pokemondb.net/sprites/omega-ruby-alpha-sapphire/dex/normal/inkay.png,Dark,Psychic,686
Malamar,https://img.pokemondb.net/sprites/omega-ruby-alpha-sapphire/dex/normal/malamar.png,Dark,Psychic,687
Binacle,https://img.pokemondb.net/sprites/omega-ruby-alpha-sapphire/dex/normal/binacle.png,Rock,Water,688
Barbaracle,https://img.pokemondb.net/sprites/omega-ruby-alpha-sapphire/dex/normal/barbaracle.png,Rock,Water,689
Skrelp,https://img.pokemondb.net/sprites/omega-ruby-alpha-sapphire/dex/normal/skrelp.png,Poison,Water,690
Dragalge,https://img.pokemondb.net/sprites/omega-ruby-alpha-sapphire/dex/normal/dragalge.png,Poison,Dragon,691
Clauncher,https://img.pokemondb.net/sprites/omega-ruby-alpha-sapphire/dex/normal/clauncher.png,Water,None,692
Clawitzer,https://img.pokemondb.net/sprites/omega-ruby-alpha-sapphire/dex/normal/clawitzer.png,Water,None,693
Helioptile,https://img.pokemondb.net/sprites/omega-ruby-alpha-sapphire/dex/normal/helioptile.png,Electric,Normal,694
Heliolisk,https://img.pokemondb.net/sprites/omega-ruby-alpha-sapphire/dex/normal/heliolisk.png,Electric,Normal,695
Tyrunt,https://img.pokemondb.net/sprites/omega-ruby-alpha-sapphire/dex/normal/tyrunt.png,Rock,Dragon,696
Tyrantrum,https://img.pokemondb.net/sprites/omega-ruby-alpha-sapphire/dex/normal/tyrantrum.png,Rock,Dragon,697
Amaura,https://img.pokemondb.net/sprites/omega-ruby-alpha-sapphire/dex/normal/amaura.png,Rock,Ice,698
Aurorus,https://img.pokemondb.net/sprites/omega-ruby-alpha-sapphire/dex/normal/aurorus.png,Rock,Ice,699
Sylveon,https://img.pokemondb.net/sprites/omega-ruby-alpha-sapphire/dex/normal/sylveon.png,Fairy,None,700
Hawlucha,https://img.pokemondb.net/sprites/omega-ruby-alpha-sapphire/dex/normal/hawlucha.png,Fighting,Flying,701
Dedenne,https://img.pokemondb.net/sprites/omega-ruby-alpha-sapphire/dex/normal/dedenne.png,Electric,Fairy,702
Carbink,https://img.pokemondb.net/sprites/omega-ruby-alpha-sapphire/dex/normal/carbink.png,Rock,Fairy,703
Goomy,https://img.pokemondb.net/sprites/omega-ruby-alpha-sapphire/dex/normal/goomy.png,Dragon,None,704
Sliggoo,https://img.pokemondb.net/sprites/omega-ruby-alpha-sapphire/dex/normal/sliggoo.png,Dragon,None,705
Goodra,https://img.pokemondb.net/sprites/omega-ruby-alpha-sapphire/dex/normal/goodra.png,Dragon,None,706
Klefki,https://img.pokemondb.net/sprites/omega-ruby-alpha-sapphire/dex/normal/klefki.png,Steel,Fairy,707
Phantump,https://img.pokemondb.net/sprites/omega-ruby-alpha-sapphire/dex/normal/phantump.png,Ghost,Grass,708
Trevenant,https://img.pokemondb.net/sprites/omega-ruby-alpha-sapphire/dex/normal/trevenant.png,Ghost,Grass,709
Pumpkaboo,https://img.pokemondb.net/sprites/omega-ruby-alpha-sapphire/dex/normal/pumpkaboo-average.png,Ghost,Grass,710
Gourgeist,https://img.pokemondb.net/sprites/omega-ruby-alpha-sapphire/dex/normal/gourgeist-average.png,Ghost,Grass,711
Bergmite,https://img.pokemondb.net/sprites/omega-ruby-alpha-sapphire/dex/normal/bergmite.png,Ice,None,712
Avalugg,https://img.pokemondb.net/sprites/omega-ruby-alpha-sapphire/dex/normal/avalugg.png,Ice,None,713
Noibat,https://img.pokemondb.net/sprites/omega-ruby-alpha-sapphire/dex/normal/noibat.png,Flying,Dragon,714
Noivern,https://img.pokemondb.net/sprites/omega-ruby-alpha-sapphire/dex/normal/noivern.png,Flying,Dragon,715
Xerneas,https://img.pokemondb.net/sprites/omega-ruby-alpha-sapphire/dex/normal/xerneas.png,Fairy,None,716
Yveltal,https://img.pokemondb.net/sprites/omega-ruby-alpha-sapphire/dex/normal/yveltal.png,Dark,Flying,717
Zygarde,https://img.pokemondb.net/sprites/omega-ruby-alpha-sapphire/dex/normal/zygarde-50.png,Dragon,Ground,718
Diancie,https://img.pokemondb.net/sprites/omega-ruby-alpha-sapphire/dex/normal/diancie.png,Rock,Fairy,719
Hoopa,https://img.pokemondb.net/sprites/omega-ruby-alpha-sapphire/dex/normal/hoopa-confined.png,Psychic,Ghost,720
Volcanion,https://img.pokemondb.net/sprites/omega-ruby-alpha-sapphire/dex/normal/volcanion.png,Fire,Water,721
Rowlet,https://img.pokemondb.net/sprites/ultra-sun-ultra-moon/small/rowlet.jpg,Grass,Flying,722
Dartrix,https://img.pokemondb.net/sprites/ultra-sun-ultra-moon/small/dartrix.jpg,Grass,Flying,723
Decidueye,https://img.pokemondb.net/sprites/ultra-sun-ultra-moon/small/decidueye.jpg,Grass,Ghost,724
Litten,https://img.pokemondb.net/sprites/ultra-sun-ultra-moon/small/litten.jpg,Fire,None,725
Torracat,https://img.pokemondb.net/sprites/ultra-sun-ultra-moon/small/torracat.jpg,Fire,None,726
Incineroar,https://img.pokemondb.net/sprites/ultra-sun-ultra-moon/small/incineroar.jpg,Fire,Dark,727
Popplio,https://img.pokemondb.net/sprites/ultra-sun-ultra-moon/small/popplio.jpg,Water,None,728
Brionne,https://img.pokemondb.net/sprites/ultra-sun-ultra-moon/small/brionne.jpg,Water,None,729
Primarina,https://img.pokemondb.net/sprites/ultra-sun-ultra-moon/small/primarina.jpg,Water,Fairy,730
Pikipek,https://img.pokemondb.net/sprites/ultra-sun-ultra-moon/small/pikipek.jpg,Normal,Flying,731
Trumbeak,https://img.pokemondb.net/sprites/ultra-sun-ultra-moon/small/trumbeak.jpg,Normal,Flying,732
Toucannon,https://img.pokemondb.net/sprites/ultra-sun-ultra-moon/small/toucannon.jpg,Normal,Flying,733
Yungoos,https://img.pokemondb.net/sprites/ultra-sun-ultra-moon/small/yungoos.jpg,Normal,None,734
Gumshoos,https://img.pokemondb.net/sprites/ultra-sun-ultra-moon/small/gumshoos.jpg,Normal,None,735
Grubbin,https://img.pokemondb.net/sprites/ultra-sun-ultra-moon/small/grubbin.jpg,Bug,None,736
Charjabug,https://img.pokemondb.net/sprites/ultra-sun-ultra-moon/small/charjabug.jpg,Bug,Electric,737
Vikavolt,https://img.pokemondb.net/sprites/ultra-sun-ultra-moon/small/vikavolt.jpg,Bug,Electric,738
Crabrawler,https://img.pokemondb.net/sprites/ultra-sun-ultra-moon/small/crabrawler.jpg,Fighting,None,739
Crabominable,https://img.pokemondb.net/sprites/ultra-sun-ultra-moon/small/crabominable.jpg,Fighting,Ice,740
Oricorio,https://img.pokemondb.net/sprites/ultra-sun-ultra-moon/small/oricorio-baile.jpg,Fire,Flying,741
Cutiefly,https://img.pokemondb.net/sprites/ultra-sun-ultra-moon/small/cutiefly.jpg,Bug,Fairy,742
Ribombee,https://img.pokemondb.net/sprites/ultra-sun-ultra-moon/small/ribombee.jpg,Bug,Fairy,743
Rockruff,https://img.pokemondb.net/sprites/ultra-sun-ultra-moon/small/rockruff.jpg,Rock,None,744
Lycanroc,https://img.pokemondb.net/sprites/ultra-sun-ultra-moon/small/lycanroc-midday.jpg,Rock,None,745
Wishiwashi,https://img.pokemondb.net/sprites/ultra-sun-ultra-moon/small/wishiwashi-solo.jpg,Water,None,746
Mareanie,https://img.pokemondb.net/sprites/ultra-sun-ultra-moon/small/mareanie.jpg,Poison,Water,747
Toxapex,https://img.pokemondb.net/sprites/ultra-sun-ultra-moon/small/toxapex.jpg,Poison,Water,748
Mudbray,https://img.pokemondb.net/sprites/ultra-sun-ultra-moon/small/mudbray.jpg,Ground,None,749
Mudsdale,https://img.pokemondb.net/sprites/ultra-sun-ultra-moon/small/mudsdale.jpg,Ground,None,750
Dewpider,https://img.pokemondb.net/sprites/ultra-sun-ultra-moon/small/dewpider.jpg,Water,Bug,751
Araquanid,https://img.pokemondb.net/sprites/ultra-sun-ultra-moon/small/araquanid.jpg,Water,Bug,752
Fomantis,https://img.pokemondb.net/sprites/ultra-sun-ultra-moon/small/fomantis.jpg,Grass,None,753
Lurantis,https://img.pokemondb.net/sprites/ultra-sun-ultra-moon/small/lurantis.jpg,Grass,None,754
Morelull,https://img.pokemondb.net/sprites/ultra-sun-ultra-moon/small/morelull.jpg,Grass,Fairy,755
Shiinotic,https://img.pokemondb.net/sprites/ultra-sun-ultra-moon/small/shiinotic.jpg,Grass,Fairy,756
Salandit,https://img.pokemondb.net/sprites/ultra-sun-ultra-moon/small/salandit.jpg,Poison,Fire,757
Salazzle,https://img.pokemondb.net/sprites/ultra-sun-ultra-moon/small/salazzle.jpg,Poison,Fire,758
Stufful,https://img.pokemondb.net/sprites/ultra-sun-ultra-moon/small/stufful.jpg,Normal,Fighting,759
Bewear,https://img.pokemondb.net/sprites/ultra-sun-ultra-moon/small/bewear.jpg,Normal,Fighting,760
Bounsweet,https://img.pokemondb.net/sprites/ultra-sun-ultra-moon/small/bounsweet.jpg,Grass,None,761
Steenee,https://img.pokemondb.net/sprites/ultra-sun-ultra-moon/small/steenee.jpg,Grass,None,762
Tsareena,https://img.pokemondb.net/sprites/ultra-sun-ultra-moon/small/tsareena.jpg,Grass,None,763
Comfey,https://img.pokemondb.net/sprites/ultra-sun-ultra-moon/small/comfey.jpg,Fairy,None,764
Oranguru,https://img.pokemondb.net/sprites/ultra-sun-ultra-moon/small/oranguru.jpg,Normal,Psychic,765
Passimian,https://img.pokemondb.net/sprites/ultra-sun-ultra-moon/small/passimian.jpg,Fighting,None,766
Wimpod,https://img.pokemondb.net/sprites/ultra-sun-ultra-moon/small/wimpod.jpg,Bug,Water,767
Golisopod,https://img.pokemondb.net/sprites/ultra-sun-ultra-moon/small/golisopod.jpg,Bug,Water,768
Sandygast,https://img.pokemondb.net/sprites/ultra-sun-ultra-moon/small/sandygast.jpg,Ghost,Ground,769
Palossand,https://img.pokemondb.net/sprites/ultra-sun-ultra-moon/small/palossand.jpg,Ghost,Ground,770
Pyukumuku,https://img.pokemondb.net/sprites/ultra-sun-ultra-moon/small/pyukumuku.jpg,Water,None,771
Type-Null,https://img.pokemondb.net/sprites/ultra-sun-ultra-moon/small/type-null.jpg,Normal,None,772
Silvally,https://img.pokemondb.net/sprites/ultra-sun-ultra-moon/small/silvally.jpg,Normal,None,773
Minior,https://img.pokemondb.net/sprites/ultra-sun-ultra-moon/small/minior-meteor.jpg,Rock,Flying,774
Komala,https://img.pokemondb.net/sprites/ultra-sun-ultra-moon/small/komala.jpg,Normal,None,775
Turtonator,https://img.pokemondb.net/sprites/ultra-sun-ultra-moon/small/turtonator.jpg,Fire,Dragon,776
Togedemaru,https://img.pokemondb.net/sprites/ultra-sun-ultra-moon/small/togedemaru.jpg,Electric,Steel,777
Mimikyu,https://img.pokemondb.net/sprites/ultra-sun-ultra-moon/small/mimikyu.jpg,Ghost,Fairy,778
Bruxish,https://img.pokemondb.net/sprites/ultra-sun-ultra-moon/small/bruxish.jpg,Water,Psychic,779
Drampa,https://img.pokemondb.net/sprites/ultra-sun-ultra-moon/small/drampa.jpg,Normal,Dragon,780
Dhelmise,https://img.pokemondb.net/sprites/ultra-sun-ultra-moon/small/dhelmise.jpg,Ghost,Grass,781
Jangmo-o,https://img.pokemondb.net/sprites/ultra-sun-ultra-moon/small/jangmo-o.jpg,Dragon,None,782
Hakamo-o,https://img.pokemondb.net/sprites/ultra-sun-ultra-moon/small/hakamo-o.jpg,Dragon,Fighting,783
Kommo-o,https://img.pokemondb.net/sprites/ultra-sun-ultra-moon/small/kommo-o.jpg,Dragon,Fighting,784
Tapu-Koko,https://img.pokemondb.net/sprites/ultra-sun-ultra-moon/small/tapu-koko.jpg,Electric,Fairy,785
Tapu-Lele,https://img.pokemondb.net/sprites/ultra-sun-ultra-moon/small/tapu-lele.jpg,Psychic,Fairy,786
Tapu-Bulu,https://img.pokemondb.net/sprites/ultra-sun-ultra-moon/small/tapu-bulu.jpg,Grass,Fairy,787
Tapu-Fini,https://img.pokemondb.net/sprites/ultra-sun-ultra-moon/small/tapu-fini.jpg,Water,Fairy,788
Cosmog,https://img.pokemondb.net/sprites/ultra-sun-ultra-moon/small/cosmog.jpg,Psychic,None,789
Cosmoem,https://img.pokemondb.net/sprites/ultra-sun-ultra-moon/small/cosmoem.jpg,Psychic,None,790
Solgaleo,https://img.pokemondb.net/sprites/ultra-sun-ultra-moon/small/solgaleo.jpg,Psychic,Steel,791
Lunala,https://img.pokemondb.net/sprites/ultra-sun-ultra-moon/small/lunala.jpg,Psychic,Ghost,792
Nihilego,https://img.pokemondb.net/sprites/ultra-sun-ultra-moon/small/nihilego.jpg,Rock,Poison,793
Buzzwole,https://img.pokemondb.net/sprites/ultra-sun-ultra-moon/small/buzzwole.jpg,Bug,Fighting,794
Pheromosa,https://img.pokemondb.net/sprites/ultra-sun-ultra-moon/small/pheromosa.jpg,Bug,Fighting,795
Xurkitree,https://img.pokemondb.net/sprites/ultra-sun-ultra-moon/small/xurkitree.jpg,Electric,None,796
Celesteela,https://img.pokemondb.net/sprites/ultra-sun-ultra-moon/small/celesteela.jpg,Steel,Flying,797
Kartana,https://img.pokemondb.net/sprites/ultra-sun-ultra-moon/small/kartana.jpg,Grass,Steel,798
Guzzlord,https://img.pokemondb.net/sprites/ultra-sun-ultra-moon/small/guzzlord.jpg,Dark,Dragon,799
Necrozma,https://img.pokemondb.net/sprites/ultra-sun-ultra-moon/small/necrozma.jpg,Psychic,None,800
Magearna,https://img.pokemondb.net/sprites/ultra-sun-ultra-moon/small/magearna.jpg,Steel,Fairy,801
Marshadow,https://img.pokemondb.net/sprites/ultra-sun-ultra-moon/small/marshadow.jpg,Fighting,Ghost,802
Poipole,https://img.pokemondb.net/sprites/ultra-sun-ultra-moon/small/poipole.jpg,Poison,None,803
Naganadel,https://img.pokemondb.net/sprites/ultra-sun-ultra-moon/small/naganadel.jpg,Poison,Dragon,804
Stakataka,https://img.pokemondb.net/sprites/ultra-sun-ultra-moon/small/stakataka.jpg,Rock,Steel,805
Blacephalon,https://img.pokemondb.net/sprites/ultra-sun-ultra-moon/small/blacephalon.jpg,Fire,Ghost,806
Zeraora,https://img.pokemondb.net/sprites/ultra-sun-ultra-moon/small/zeraora.jpg,Electric,None,807
Meltan,https://img.pokemondb.net/sprites/ultra-sun-ultra-moon/small/meltan.jpg,Steel,None,808
Melmetal,https://img.pokemondb.net/sprites/ultra-sun-ultra-moon/small/melmetal.jpg,Steel,None,809
Grookey,https://img.pokemondb.net/sprites/sword-shield/pixel/grookey.png,Grass,None,810
Thwackey,https://img.pokemondb.net/sprites/sword-shield/pixel/thwackey.png,Grass,None,811
Rillaboom,https://img.pokemondb.net/sprites/sword-shield/pixel/rillaboom.png,Grass,None,812
Scorbunny,https://img.pokemondb.net/sprites/sword-shield/pixel/scorbunny.png,Fire,None,813
Raboot,https://img.pokemondb.net/sprites/sword-shield/pixel/raboot.png,Fire,None,814
Cinderace,https://img.pokemondb.net/sprites/sword-shield/pixel/cinderace.png,Fire,None,815
Sobble,https://img.pokemondb.net/sprites/sword-shield/pixel/sobble.png,Water,None,816
Drizzile,https://img.pokemondb.net/sprites/sword-shield/pixel/drizzile.png,Water,None,817
Inteleon,https://img.pokemondb.net/sprites/sword-shield/pixel/inteleon.png,Water,None,818
Skwovet,https://img.pokemondb.net/sprites/sword-shield/pixel/skwovet.png,Normal,None,819
Greedent,https://img.pokemondb.net/sprites/sword-shield/pixel/greedent.png,Normal,None,820
Rookidee,https://img.pokemondb.net/sprites/sword-shield/pixel/rookidee.png,Flying,None,821
Corvisquire,https://img.pokemondb.net/sprites/sword-shield/pixel/corvisquire.png,Flying,None,822
Corviknight,https://img.pokemondb.net/sprites/sword-shield/pixel/corviknight.png,Flying,Steel,823
Blipbug,https://img.pokemondb.net/sprites/sword-shield/pixel/blipbug.png,Bug,None,824
Dottler,https://img.pokemondb.net/sprites/sword-shield/pixel/dottler.png,Bug,Psychic,825
Orbeetle,https://img.pokemondb.net/sprites/sword-shield/pixel/orbeetle.png,Bug,Psychic,826
Nickit,https://img.pokemondb.net/sprites/sword-shield/pixel/nickit.png,Dark,None,827
Thievul,https://img.pokemondb.net/sprites/sword-shield/pixel/thievul.png,Dark,None,828
Gossifleur,https://img.pokemondb.net/sprites/sword-shield/pixel/gossifleur.png,Grass,None,829
Eldegoss,https://img.pokemondb.net/sprites/sword-shield/pixel/eldegoss.png,Grass,None,830
Wooloo,https://img.pokemondb.net/sprites/sword-shield/pixel/wooloo.png,Normal,None,831
Dubwool,https://img.pokemondb.net/sprites/sword-shield/pixel/dubwool.png,Normal,None,832
Chewtle,https://img.pokemondb.net/sprites/sword-shield/pixel/chewtle.png,Water,None,833
Drednaw,https://img.pokemondb.net/sprites/sword-shield/pixel/drednaw.png,Water,Rock,834
Yamper,https://img.pokemondb.net/sprites/sword-shield/pixel/yamper.png,Electric,None,835
Boltund,https://img.pokemondb.net/sprites/sword-shield/pixel/boltund.png,Electric,None,836
Rolycoly,https://img.pokemondb.net/sprites/sword-shield/pixel/rolycoly.png,Rock,None,837
Carkol,https://img.pokemondb.net/sprites/sword-shield/pixel/carkol.png,Rock,Fire,838
Coalossal,https://img.pokemondb.net/sprites/sword-shield/pixel/coalossal.png,Rock,Fire,839
Applin,https://img.pokemondb.net/sprites/sword-shield/pixel/applin.png,Grass,Dragon,840
Flapple,https://img.pokemondb.net/sprites/sword-shield/pixel/flapple.png,Grass,Dragon,841
Appletun,https://img.pokemondb.net/sprites/sword-shield/pixel/appletun.png,Grass,Dragon,842
Silicobra,https://img.pokemondb.net/sprites/sword-shield/pixel/silicobra.png,Ground,None,843
Sandaconda,https://img.pokemondb.net/sprites/sword-shield/pixel/sandaconda.png,Ground,None,844
Cramorant,https://img.pokemondb.net/sprites/sword-shield/pixel/cramorant.png,Flying,Water,845
Arrokuda,https://img.pokemondb.net/sprites/sword-shield/pixel/arrokuda.png,Water,None,846
Barraskewda,https://img.pokemondb.net/sprites/sword-shield/pixel/barraskewda.png,Water,None,847
Toxel,https://img.pokemondb.net/sprites/sword-shield/pixel/toxel.png,Electric,Poison,848
Toxtricity,https://img.pokemondb.net/sprites/sword-shield/pixel/toxtricity-low-key.png,Electric,Poison,849
Sizzlipede,https://img.pokemondb.net/sprites/sword-shield/pixel/sizzlipede.png,Fire,Bug,850
Centiskorch,https://img.pokemondb.net/sprites/sword-shield/pixel/centiskorch.png,Fire,Bug,851
Clobbopus,https://img.pokemondb.net/sprites/sword-shield/pixel/clobbopus.png,Fighting,None,852
Grapploct,https://img.pokemondb.net/sprites/sword-shield/pixel/grapploct.png,Fighting,None,853
Sinistea,https://img.pokemondb.net/sprites/sword-shield/pixel/sinistea.png,Ghost,None,854
Polteageist,https://img.pokemondb.net/sprites/sword-shield/pixel/polteageist.png,Ghost,None,855
Hatenna,https://img.pokemondb.net/sprites/sword-shield/pixel/hatenna.png,Psychic,None,856
Hattrem,https://img.pokemondb.net/sprites/sword-shield/pixel/hattrem.png,Psychic,None,857
Hatterene,https://img.pokemondb.net/sprites/sword-shield/pixel/hatterene.png,Psychic,Fairy,858
Impidimp,https://img.pokemondb.net/sprites/sword-shield/pixel/impidimp.png,Dark,Fairy,859
Morgrem,https://img.pokemondb.net/sprites/sword-shield/pixel/morgrem.png,Dark,Fairy,860
Grimmsnarl,https://img.pokemondb.net/sprites/sword-shield/pixel/grimmsnarl.png,Dark,Fairy,861
Obstagoon,https://img.pokemondb.net/sprites/sword-shield/pixel/obstagoon.png,Dark,Normal,862
Perrserker,https://img.pokemondb.net/sprites/sword-shield/pixel/perrserker.png,Steel,None,863
Cursola,https://img.pokemondb.net/sprites/sword-shield/pixel/cursola.png,Ghost,None,864
Sirfetchd,https://img.pokemondb.net/sprites/sword-shield/pixel/sirfetchd.png,Fighting,None,865
Mr-Rime,https://img.pokemondb.net/sprites/sword-shield/pixel/mr-rime.png,Psychic,Ice,866
Runerigus,https://img.pokemondb.net/sprites/sword-shield/pixel/runerigus.png,Ground,Ghost,867
Milcery,https://img.pokemondb.net/sprites/sword-shield/pixel/milcery.png,Fairy,None,868
Alcremie,https://img.pokemondb.net/sprites/sword-shield/pixel/alcremie.png,Fairy,None,869
Falinks,https://img.pokemondb.net/sprites/sword-shield/pixel/falinks.png,Fighting,None,870
Pincurchin,https://img.pokemondb.net/sprites/sword-shield/pixel/pincurchin.png,Electric,None,871
Snom,https://img.pokemondb.net/sprites/sword-shield/pixel/snom.png,Ice,Bug,872
Frosmoth,https://img.pokemondb.net/sprites/sword-shield/pixel/frosmoth.png,Ice,Bug,873
Stonjourner,https://img.pokemondb.net/sprites/sword-shield/pixel/stonjourner.png,Rock,None,874
Eiscue,https://img.pokemondb.net/sprites/sword-shield/pixel/eiscue-ice.png,Ice,None,875
Indeedee,https://img.pokemondb.net/sprites/sword-shield/pixel/indeedee-male.png,Psychic,Normal,876
Morpeko,https://img.pokemondb.net/sprites/sword-shield/pixel/morpeko-full-belly.png,Electric,Dark,877
Cufant,https://img.pokemondb.net/sprites/sword-shield/pixel/cufant.png,Steel,None,878
Copperajah,https://img.pokemondb.net/sprites/sword-shield/pixel/copperajah.png,Steel,None,879
Dracozolt,https://img.pokemondb.net/sprites/sword-shield/pixel/dracozolt.png,Electric,Dragon,880
Arctozolt,https://img.pokemondb.net/sprites/sword-shield/pixel/arctozolt.png,Electric,Ice,881
Dracovish,https://img.pokemondb.net/sprites/sword-shield/pixel/dracovish.png,Water,Dragon,882
Arctovish,https://img.pokemondb.net/sprites/sword-shield/pixel/arctovish.png,Water,Ice,883
Duraludon,https://img.pokemondb.net/sprites/sword-shield/pixel/duraludon.png,Steel,Dragon,884
Dreepy,https://img.pokemondb.net/sprites/sword-shield/pixel/dreepy.png,Dragon,Ghost,885
Drakloak,https://img.pokemondb.net/sprites/sword-shield/pixel/drakloak.png,Dragon,Ghost,886
Dragapult,https://img.pokemondb.net/sprites/sword-shield/pixel/dragapult.png,Dragon,Ghost,887
Zacian,https://img.pokemondb.net/sprites/sword-shield/pixel/zacian-crowned.png,Fairy,Steel,888
Zamazenta,https://img.pokemondb.net/sprites/sword-shield/pixel/zamazenta-crowned.png,Fighting,Steel,889
Eternatus,https://img.pokemondb.net/sprites/sword-shield/pixel/eternatus.png,Poison,Dragon,890
